Name,Location,Price per Night
Hampton Inn Alexander City,"Alexander City, AL",$85
Embassy Suites by Hilton Birmingham Hoover,"Birmingham, AL",$125
Hampton Inn & Suites Birmingham/280 East-Eagle Point,"Birmingham, AL",$78
Hampton Inn Birmingham-Colonnade 280,"Birmingham, AL",$101
DoubleTree by Hilton Birmingham Perimeter Park,"Birmingham, AL",$108
Hilton Garden Inn Birmingham/Lakeshore Drive,"Birmingham, AL",$86
Hampton Inn Birmingham I-65/Lakeshore Drive,"Birmingham, AL",$99
Hampton Inn Birmingham/Mountain Brook,"Birmingham, AL",$99
Embassy Suites by Hilton Birmingham,"Birmingham, AL",$117
Hilton Garden Inn Birmingham SE/Liberty Park,"Birmingham, AL",$78
Hilton Birmingham at UAB,"Birmingham, AL",$113
Hilton Garden Inn Downtown Birmingham,"Birmingham, AL",$109
Hampton Inn Auburn,"Auburn, AL",$87
Tru by Hilton Auburn,"Auburn, AL",$78
Hampton Inn & Suites Birmingham-Downtown-Tutwiler,"Birmingham, AL",$106
Hampton Inn & Suites Birmingham East Irondale,"Birmingham, AL",$92
Hilton Garden Inn Auburn/Opelika,"Auburn, AL",$104
Hilton Garden Inn Birmingham/Trussville,"Birmingham, AL",$103
Hampton Inn Atmore,"Atmore, AL",$87
Hampton Inn & Suites Athens-I-65 (Huntsville Area),"Athens, AL",$120
Name,Location,Price per Night
Hampton Inn & Suites Fairbanks,"Fairbanks, AK",$153
Hilton Anchorage,"Anchorage, AK",$135
Embassy Suites by Hilton Anchorage,"Anchorage, AK",$154
Hampton Inn Anchorage,"Anchorage, AK",$87
Hilton Garden Inn Anchorage,"Anchorage, AK",$91
Home2 Suites by Hilton Anchorage/Midtown,"Anchorage, AK",$111
Homewood Suites by Hilton Anchorage,"Anchorage, AK",$111
Name,Location,Price per Night
Hampton Inn & Suites Phoenix East Mesa,"Gilbert, AZ",$182
Hampton Inn Phoenix/Anthem,"Anthem, AZ",$165
DoubleTree by Hilton Hotel Phoenix - Gilbert,"Gilbert, AZ",$172
Hampton Inn & Suites Phoenix/Gilbert,"Gilbert, AZ",$160
Hilton Garden Inn Chandler Downtown,"Chandler, AZ",
Hilton Phoenix Chandler,"Chandler, AZ",$187
Homewood Suites by Hilton Phoenix Chandler Fashion Center,"Chandler, AZ",$184
Hampton Inn & Suites Phoenix Chandler-Fashion Center AZ,"Chandler, AZ",$145
Home2 Suites by Hilton Phoenix Chandler,"Chandler, AZ",$156
Hampton Inn Phoenix/Chandler,"Chandler, AZ",$143
Homewood Suites by Hilton Phoenix/Chandler,"Chandler, AZ",$210
DoubleTree by Hilton Phoenix Chandler,"Chandler, AZ",$170
Homewood Suites by Hilton Phoenix-Avondale,"Avondale, AZ",$243
Hilton Garden Inn Phoenix/Avondale,"Avondale, AZ",$215
Hampton Inn & Suites Flagstaff,"Flagstaff, AZ",$82
Hilton Garden Inn Flagstaff,"Flagstaff, AZ",$83
Hampton Inn & Suites Flagstaff East,"Flagstaff, AZ",$90
DoubleTree by Hilton Hotel Flagstaff,"Flagstaff, AZ",$93
Embassy Suites by Hilton Flagstaff,"Flagstaff, AZ",$104
Home2 Suites by Hilton Buckeye Phoenix,"Buckeye, AZ",$216
Name,Location,Price per Night
Hilton Garden Inn Conway,"Conway, AR",$91
Home2 Suites by Hilton Conway,"Conway, AR",$91
Hampton Inn & Suites Conway,"Conway, AR",
Hampton Inn Batesville,"Batesville, AR",$102
Hampton Inn Bryant,"Bryant, AR",$94
Hampton Inn Forrest City,"Forrest City, AR",$90
Hampton Inn Clarksville,"Clarksville, AR",$79
Hampton Inn Arkadelphia,"Arkadelphia, AR",$75
Hampton Inn Blytheville,"Blytheville, AR",$103
Home2 Suites by Hilton Fort Smith,"Fort Smith, AR",$87
Homewood Suites by Hilton Fort Smith,"Fort Smith, AR",$91
Tru by Hilton Crossett,"Crossett, AR",$86
Hampton Inn Fort Smith,"Fort Smith, AR",$87
Hampton Inn Fayetteville,"Fayetteville, AR",$98
Hampton Inn El Dorado,"El Dorado, AR",$97
Hilton Garden Inn Fayetteville,"Fayetteville, AR",$100
Homewood Suites by Hilton Fayetteville,"Fayetteville, AR",$95
DoubleTree by Hilton Fort Smith City Center,"Fort Smith, AR",$74
Hilton Garden Inn Bentonville Rogers,"Bentonville, AR",$87
DoubleTree Suites by Hilton Hotel Bentonville,"Bentonville, AR",$108
Name,Location,Price per Night
Home2 Suites by Hilton Atascadero,"Atascadero, CA",
Hampton Inn Arvin Tejon Ranch,"Arvin, CA",$114
Hampton Inn & Suites Arroyo Grande/Pismo Beach Area,"Arroyo Grande, CA",$72
Home2 Suites by Hilton Alameda Oakland Airport,"Alameda, CA",$165
Hampton Inn & Suites Oakland Airport-Alameda,"Alameda, CA",$119
DoubleTree by Hilton Hotel & Spa Napa Valley - American Canyon,"American Canyon, CA",$87
Hampton Inn & Suites Agoura Hills,"Agoura Hills, CA",$133
Homewood Suites by Hilton Agoura Hills,"Agoura Hills, CA",$131
Hilton Garden Inn Arcadia/Pasadena Area,"Arcadia, CA",$120
Hampton Inn Los Angeles/Arcadia/Pasadena,"Arcadia, CA",$123
Embassy Suites by Hilton Arcadia Pasadena Area,"Arcadia, CA",$144
Home2 Suites by Hilton Azusa,"Azusa, CA",$115
Embassy Suites by Hilton Anaheim North,"Anaheim, CA",$127
"SunCoast Park Hotel Anaheim, Tapestry Collection by Hilton","Anaheim, CA",$140
Hilton Anaheim,"Anaheim, CA",$122
Hampton Inn  & Suites Anaheim Resort Convention Center,"Anaheim, CA",$111
Homewood Suites by Hilton Anaheim Resort - Convention Center,"Anaheim, CA",$118
DoubleTree Suites by Hilton Hotel Anaheim Resort - Convention Center,"Anaheim, CA",$100
Homewood Suites by Hilton Aliso Viejo - Laguna Beach,"Aliso Viejo, CA",$126
"Hampton Inn & Suites Arcata, CA","Arcata, CA",$102
Name,Location,Price per Night
Valdoro Mountain Lodge,"Breckenridge, CO",
DoubleTree by Hilton Hotel Breckenridge,"Breckenridge, CO",$210
Hilton Garden Inn Arvada Denver,"Arvada, CO",$102
Homewood Suites by Hilton - Boulder,"Boulder, CO",$122
Embassy Suites by Hilton Boulder,"Boulder, CO",$124
Hilton Garden Inn Boulder,"Boulder, CO",$115
Hampton Inn & Suites Boulder-North,"Boulder, CO",$122
Embassy Suites by Hilton Denver Tech Center,"Centennial, CO",$96
Hampton Inn Denver Tech Center South,"Centennial, CO",$87
Hampton Inn Castle Rock,"Castle Rock, CO",$99
Home2 Suites by Hilton Denver South Centennial Airport,"Centennial, CO",$85
DoubleTree by Hilton Hotel Denver - Aurora,"Aurora, CO",$102
Hilton Garden Inn Denver Airport,"Aurora, CO",$93
Hampton Inn Denver Northeast-Brighton,"Brighton, CO",$82
Hampton Inn & Suites Colorado Springs-Air Force Academy-I-25 North,"Colorado Springs, CO",$96
Embassy Suites by Hilton Colorado Springs,"Colorado Springs, CO",$101
DoubleTree by Hilton Hotel Colorado Springs,"Colorado Springs, CO",$111
Hampton Inn & Suites Colorado Springs/I-25 South,"Colorado Springs, CO",$99
Hampton Inn Canon City,"Canon City, CO",$94
"Hampton Inn Alamosa, CO","Alamosa, CO",$86
Name,Location,Price per Night
"DoubleTree by Hilton Hotel Bristol, Connecticut","Bristol, CT",$131
Hampton Inn & Suites Hartford/Farmington,"Farmington, CT",$96
Homewood Suites by Hilton Hartford-Farmington,"Farmington, CT",$106
Hampton Inn Danbury,"Danbury, CT",$97
Homewood Suites by Hilton Hartford Downtown,"Hartford, CT",$149
Hilton Hartford,"Hartford, CT",$102
Hampton Inn & Suites Hartford/East Hartford,"East Hartford, CT",$91
Hilton Garden Inn Hartford South/Glastonbury,"Glastonbury, CT",$100
Homewood Suites by Hilton Hartford South-Glastonbury,"Glastonbury, CT",$109
Hilton Garden Inn Milford,"Milford, CT",$77
Hampton Inn Milford,"Milford, CT",$69
Hilton Garden Inn Danbury,"Danbury, CT",$97
Hampton Inn & Suites Hartford-Manchester,"Manchester, CT",$94
Homewood Suites by Hilton Hartford Manchester,"Manchester, CT",$102
"Madison Beach Hotel, Curio Collection by Hilton","Madison, CT",$210
Hampton Inn Springfield South Enfield,"Enfield, CT",$115
Hilton Garden Inn Mystic/Groton,"Groton, CT",$89
Hampton Inn Groton,"Groton, CT",$84
Hampton Inn & Suites Mystic,"Mystic, CT",$79
Hilton Mystic,"Mystic, CT",$109
Name,Location,Price per Night
Hampton Inn Milford,"Milford, DE",$78
Tru by Hilton Georgetown,"Georgetown, DE",$93
"Home2 Suites by Hilton Dover, DE","Dover, DE",$94
Hampton Inn Seaford,"Seaford, DE",$91
Hampton Inn Dover,"Dover, DE",$83
Hilton Garden Inn Dover,"Dover, DE",$103
Home2 Suites by Hilton Lewes Rehoboth Beach,"Lewes, DE",
Hampton Inn Rehoboth Beach,"Rehoboth Beach, DE",$90
Hampton Inn Middletown,"Middletown, DE",$105
Embassy Suites by Hilton Newark Wilmington South,"Newark, DE",$125
Homewood Suites by Hilton Newark-Wilmington South Area,"Newark, DE",$110
Hilton Wilmington/Christiana,"Newark, DE",$137
Hampton Inn & Suites Wilmington Christiana,"Newark, DE",$102
Homewood Suites by Hilton Wilmington Downtown,"Wilmington, DE",$125
DoubleTree by Hilton Hotel Downtown Wilmington - Legal District,"Wilmington, DE",$111
Homewood Suites by Hilton Wilmington-Brandywine Valley,"Wilmington, DE",$117
DoubleTree by Hilton Hotel Wilmington,"Wilmington, DE",$103
Name,Location,Price per Night
"Hampton Inn Washington, D.C./White House",0.45 miles,$140
Hilton Garden Inn Washington DC Downtown,0.47 miles,$132
Capital Hilton,0.57 miles,$102
"The Madison Washington DC, a Hilton Hotel",0.73 miles,$144
Embassy Suites by Hilton Washington DC Convention Center,0.75 miles,$166
"Conrad Washington, DC",0.75 miles,$235
"Homewood Suites by Hilton Washington, D.C. Downtown",0.81 miles,$151
Canopy by Hilton Washington DC Embassy Row,0.82 miles,$124
Motto by Hilton Washington DC City Center,0.9 miles,
Hilton Garden Inn Washington DC/Georgetown Area,0.98 miles,$125
Embassy Suites by Hilton Washington DC Georgetown,1 miles,$154
Hampton Inn Washington-Downtown-Convention Center,1.02 miles,$122
Hilton Washington DC National Mall,1.02 miles,$149
The District by Hilton Club,1.04 miles,$257
Homewood Suites by Hilton Washington DC Convention Center,1.18 miles,$121
Canopy by Hilton Washington DC The Wharf,1.34 miles,$177
"The Graham Washington DC Georgetown, Tapestry Collection by Hilton",1.42 miles,$224
Washington Hilton,1.54 miles,$138
Hilton Garden Inn Washington DC/U.S. Capitol,1.82 miles,$104
Homewood Suites by Hilton Washington DC Capitol-Navy Yard,2.03 miles,$154
Name,Location,Price per Night
Hampton Inn Bartow,"Bartow, FL",$144
Home2 Suites by Hilton Brandon Tampa,"Brandon, FL",$135
Hampton Inn & Suites Bradenton Downtown Historic District,"Bradenton, FL",$140
Hilton Orlando/Altamonte Springs,"Altamonte Springs, FL",$119
Embassy Suites by Hilton Orlando North,"Altamonte Springs, FL",$131
Hampton Inn & Suites Orlando-North/Altamonte Springs,"Altamonte Springs, FL",$135
Hampton Inn & Suites Orlando-Apopka,"Apopka, FL",$144
Hampton Inn Brooksville/Dade City,"Brooksville, FL",$127
Hampton Inn & Suites Cape Canaveral Cruise Port,"Cape Canaveral, FL",
Home2 Suites by Hilton Cape Canaveral Cruise Port,"Cape Canaveral, FL",
"Homewood Suites by Hilton Bonita Springs, FL","Bonita Springs, FL",$253
Hampton Inn Bonita Springs/Naples-North,"Bonita Springs, FL",$231
Hampton Inn & Suites Boynton Beach,"Boynton Beach, FL",$183
Hilton Boca Raton Suites,"Boca Raton, FL",$219
Hilton Garden Inn Boca Raton,"Boca Raton, FL",$165
Hampton Inn Boca Raton,"Boca Raton, FL",$175
Embassy Suites by Hilton Boca Raton,"Boca Raton, FL",$185
"Boca Raton Resort and Club, A Waldorf Astoria Resort","Boca Raton, FL",$588
"Waterstone Resort & Marina Boca Raton, Curio Collection by Hilton","Boca Raton, FL",$228
"Boca Beach Club, A Waldorf Astoria Resort","Boca Raton, FL",$751
Name,Location,Price per Night
Hampton Inn Americus,"Americus, GA",$85
Hampton Inn & Suites Albany At Albany Mall,"Albany, GA",$107
Hilton Garden Inn Albany,"Albany, GA",$106
Hampton Inn Athens,"Athens, GA",$87
Homewood Suites by Hilton Athens,"Athens, GA",$98
Hilton Garden Inn Athens Downtown,"Athens, GA",$103
Canopy by Hilton Atlanta Midtown,"Atlanta, GA",$142
DoubleTree by Hilton Atlanta Perimeter Dunwoody,"Atlanta, GA",$104
Hampton Inn Adel,"Adel, GA",$90
DoubleTree by Hilton Hotel Atlanta - Marietta,"Atlanta, GA",$103
Hilton Garden Inn Atlanta Northpoint,"Alpharetta, GA",$87
Embassy Suites by Hilton Atlanta Alpharetta,"Alpharetta, GA",$109
Homewood Suites by Hilton Atlanta-Alpharetta,"Alpharetta, GA",$102
Hampton Inn Alpharetta/Roswell,"Alpharetta, GA",$65
Home2 Suites by Hilton Alpharetta,"Alpharetta, GA",$85
Hilton Garden Inn Atlanta North/Alpharetta,"Alpharetta, GA",$62
DoubleTree by Hilton Hotel Atlanta - Alpharetta,"Alpharetta, GA",$74
Hampton Inn & Suites Alpharetta,"Alpharetta, GA",$76
Hampton Inn Acworth,"Acworth, GA",$99
Hampton Inn & Suites Adairsville-Calhoun Area,"Adairsville, GA",$86
Name,Location,Price per Night
Kings' Land by Hilton Grand Vacations,"Waikoloa, HI",$228
Kohala Suites by Hilton Grand Vacations,"Waikoloa, HI",$424
Ocean Tower by Hilton Grand Vacations,"Waikoloa, HI",$213
Hilton Waikoloa Village,"Waikoloa, HI",$223
Grand Naniloa Hotel Hilo - a DoubleTree by Hilton,"Hilo, HI",$180
Ho'olei at Grand Wailea,"Wailea, HI","$1,224"
"Grand Wailea, A Waldorf Astoria Resort","Wailea, HI",$507
Hilton Waikiki Beach,"Honolulu, HI",$166
Hilton Garden Inn Waikiki Beach,"Honolulu, HI",$154
Hokulani Waikiki by Hilton Grand Vacations,"Honolulu, HI",$324
Embassy Suites by Hilton Waikiki Beach Walk,"Honolulu, HI",$239
The Grand Islander by Hilton Grand Vacations,"Honolulu, HI",$563
DoubleTree by Hilton Hotel Alana - Waikiki Beach,"Honolulu, HI",$156
Hilton Hawaiian Village Waikiki Beach Resort,"Honolulu, HI",$178
Hilton Grand Vacations at Hilton Hawaiian Village,"Honolulu, HI",$255
Grand Waikikian by Hilton Grand Vacations,"Honolulu, HI",$431
Hampton Inn & Suites Oahu/Kapolei,"Kapolei, HI",$171
Embassy Suites by Hilton Oahu Kapolei,"Kapolei, HI",$247
Hilton Garden Inn Kauai Wailua Bay,"Kapaa, HI",$201
Name,Location,Price per Night
Hampton Inn & Suites Mountain Home,"Mountain Home, ID",$117
Hampton Inn & Suites Boise-Downtown,"Boise, ID",$124
Hilton Garden Inn Boise Downtown,"Boise, ID",$115
Hampton Inn Boise - Airport,"Boise, ID",$78
Hampton Inn & Suites Boise/Spectrum,"Boise, ID",$111
Hilton Garden Inn Boise Spectrum,"Boise, ID",$96
Homewood Suites by Hilton Boise,"Boise, ID",$127
Hilton Garden Inn Boise/Eagle,"Eagle, ID",$136
Tru by Hilton Meridian Boise West,"Meridian, ID",$83
Hampton Inn & Suites Boise-Meridian,"Meridian, ID",$105
Hampton Inn & Suites Boise/Nampa at the Idaho Center,"Nampa, ID",$104
Home2 Suites by Hilton Nampa,"Nampa, ID",$96
Hampton Inn Burley,"Burley, ID",$78
Home2 Suites by Hilton Idaho Falls,"Idaho Falls, ID",$82
Hampton Inn Idaho Falls/Airport,"Idaho Falls, ID",$80
Tru by Hilton Idaho Falls,"Idaho Falls, ID",$69
Hilton Garden Inn Idaho Falls,"Idaho Falls, ID",$82
Hampton Inn Idaho Falls At the Mall,"Idaho Falls, ID",$76
Hampton Inn Lewiston,"Lewiston, ID",$108
Hampton Inn & Suites Coeur d' Alene,"Coeur d'Alene, ID",$104
Name,Location,Price per Night
Hampton Inn Bloomington West,"Bloomington, IL",$86
DoubleTree by Hilton Hotel Bloomington,"Bloomington, IL",$96
Hampton Inn & Suites Chicago/Aurora,"Aurora, IL",$103
Homewood Suites by Hilton Aurora Naperville,"Aurora, IL",$95
Hampton Inn & Suites Bolingbrook,"Bolingbrook, IL",$96
Hilton Garden Inn Bolingbrook I-55,"Bolingbrook, IL",$108
Hampton Inn Chicago-Carol Stream,"Carol Stream, IL",$100
Hampton Inn Bourbonnais Kankakee,"Bourbonnais, IL",$89
Hampton Inn & Suites Chicago-Burr Ridge,"Burr Ridge, IL",$86
Hilton Garden Inn Addison,"Addison, IL",$94
Hampton Inn & Suites Addison,"Addison, IL",$85
Hampton Inn & Suites Bridgeview Chicago,"Bridgeview, IL",$106
Hampton Inn Champaign Southwest,"Champaign, IL",$104
DoubleTree by Hilton Hotel Chicago - Alsip,"Alsip, IL",$94
DoubleTree by Hilton Hotel Chicago - Arlington Heights,"Arlington Heights, IL",$88
Hilton Garden Inn Chicago/Midway Airport,"Bedford Park, IL",$101
Hampton Inn Chicago-Midway Airport,"Bedford Park, IL",$95
Hampton Inn & Suites St. Louis/Alton,"Alton, IL",$109
Hampton Inn Carbondale,"Carbondale, IL",$102
Home2 Suites by Hilton Carbondale,"Carbondale, IL",$108
Name,Location,Price per Night
Hilton Garden Inn Indianapolis/Carmel,"Carmel, IN",$104
Home2 Suites by Hilton Carmel Indianapolis,"Carmel, IN",
Hampton Inn Indianapolis/Carmel,"Carmel, IN",$97
Homewood Suites by Hilton Indianapolis Carmel,"Carmel, IN",$98
Hampton Inn Anderson,"Anderson, IN",$89
Hampton Inn & Suites Indianapolis/Brownsburg,"Brownsburg, IN",$96
Hampton Inn & Suites Avon Indianapolis,"Avon, IN",
Hampton Inn & Suites Crawfordsville,"Crawfordsville, IN",$87
Hilton Garden Inn Columbus/Edinburgh,"Edinburgh, IN",$109
Hampton Inn Columbus/Taylorsville/Edinburgh,"Edinburgh, IN",$95
Hampton Inn Bloomington,"Bloomington, IN",$87
Home2 Suites by Hilton Bloomington,"Bloomington, IN",$102
Hilton Garden Inn Bloomington,"Bloomington, IN",$104
Homewood Suites by Hilton Bloomington,"Bloomington, IN",$106
Hampton Inn Auburn,"Auburn, IN",$109
Hampton Inn Elkhart,"Elkhart, IN",$90
Hilton Garden Inn Chesterton,"Chesterton, IN",$89
Home2 Suites by Hilton Clarksville Louisville North,"Clarksville, IN",$113
Hampton Inn Louisville-North/Clarksville,"Clarksville, IN",$94
Hampton Inn Corydon,"Corydon, IN",$104
Name,Location,Price per Night
Hampton Inn & Suites Altoona-Des Moines,"Altoona, IA",$92
Hampton Inn & Suites Ames,"Ames, IA",$105
Homewood Suites by Hilton Ankeny,"Ankeny, IA",$113
Hampton Inn & Suites Ankeny,"Ankeny, IA",$108
Hilton Garden Inn Ames,"Ames, IA",$108
Hilton Garden Inn Cedar Falls,"Cedar Falls, IA",$104
Hampton Inn Cedar Falls Downtown,"Cedar Falls, IA",$110
Tru by Hilton Cedar Rapids Westdale,"Cedar Rapids, IA",$67
Hampton Inn Cedar Rapids,"Cedar Rapids, IA",$70
DoubleTree by Hilton Hotel Cedar Rapids Convention Complex,"Cedar Rapids, IA",$110
Homewood Suites by Hilton Cedar Rapids-North,"Cedar Rapids, IA",$102
Hampton Inn & Suites Cedar Rapids - North,"Cedar Rapids, IA",$94
Home2 Suites by Hilton Iowa City Coralville,"Coralville, IA",$94
Hampton Inn Iowa City/Coralville,"Coralville, IA",$87
"Homewood Suites by Hilton Coralville - Iowa River Landing, IA","Coralville, IA",$111
Hampton Inn & Suites Burlington,"Burlington, IA",$108
Home2 Suites by Hilton Bettendorf Quad Cities,"Bettendorf, IA",$85
Hilton Garden Inn Bettendorf/Quad Cities,"Bettendorf, IA",$90
Hampton Inn Clinton,"Clinton, IA",$96
Hampton Inn Omaha Airport,"Carter Lake, IA",$89
Name,Location,Price per Night
Hampton Inn Hays-North of I-70,"Hays, KS",$94
Hampton Inn Hutchinson,"Hutchinson, KS",$89
Hampton Inn Junction City,"Junction City, KS",$65
Hampton Inn Manhattan,"Manhattan, KS",$82
Hampton Inn Derby,"Derby, KS",$82
Hampton Inn & Suites Dodge City,"Dodge City, KS",$104
Hampton Inn Emporia,"Emporia, KS",$104
Hampton Inn Colby,"Colby, KS",$98
Hampton Inn Garden City,"Garden City, KS",$82
Tru by Hilton Lawrence,"Lawrence, KS",$78
Hampton Inn Lawrence,"Lawrence, KS",$99
DoubleTree by Hilton Hotel Lawrence,"Lawrence, KS",$82
Hampton Inn & Suites Liberal,"Liberal, KS",$85
Hampton Inn Leavenworth,"Leavenworth, KS",$106
Home2 Suites by Hilton Leavenworth Downtown,"Leavenworth, KS",$109
Hampton Inn Gardner Conference  Center,"Gardner, KS",$101
Homewood Suites by Hilton Kansas City Speedway,"Kansas City, KS",$113
Hampton Inn Kansas City The Legends,"Kansas City, KS",$87
Hilton Garden Inn Kansas City/Kansas,"Kansas City, KS",$109
Home2 Suites by Hilton Kansas City KU Medical Center,"Kansas City, KS",$100
Name,Location,Price per Night
Hampton Inn Danville,"Danville, KY",$95
Hampton Inn Frankfort,"Frankfort, KY",$103
Hampton Inn Corbin,"Corbin, KY",$102
Hampton Inn Dry Ridge,"Dry Ridge, KY",$83
Hampton Inn Bardstown,"Bardstown, KY",$84
Hampton Inn Carrollton,"Carrollton, KY",$102
Hampton Inn Louisville I-65 @ Brooks Rd.,"Brooks, KY",$103
Home2 Suites by Hilton Florence Cincinnati Airport South,"Florence, KY",$94
Homewood Suites by Hilton Cincinnati Airport South-Florence,"Florence, KY",$111
Hilton Cincinnati Airport,"Florence, KY",$104
Hampton Inn Cincinnati/Airport South,"Florence, KY",$93
Tru by Hilton Cincinnati Airport South Florence,"Florence, KY",$93
Hilton Garden Inn Elizabethtown,"Elizabethtown, KY",$89
Hampton Inn Elizabethtown,"Elizabethtown, KY",$90
Embassy Suites by Hilton Cincinnati RiverCenter,"Covington, KY",$149
Hampton Inn Ashland,"Ashland, KY",$88
Hilton Garden Inn Bowling Green,"Bowling Green, KY",$91
Home2 Suites by Hilton Bowling Green,"Bowling Green, KY",$86
Hampton Inn Bowling Green,"Bowling Green, KY",$87
Tru by Hilton Bowling Green,"Bowling Green, KY",$78
Name,Location,Price per Night
Home2 Suites by Hilton Alexandria,"Alexandria, LA",$96
Hampton Inn & Suites Alexandria,"Alexandria, LA",$87
Hilton Garden Inn Baton Rouge Airport,"Baton Rouge, LA",$96
Hampton Inn Broussard-Lafayette Area,"Broussard, LA",$87
Hampton Inn & Suites Baton Rouge Downtown,"Baton Rouge, LA",$120
Hilton Baton Rouge Capitol Center,"Baton Rouge, LA",$119
Hampton Inn Baton Rouge-I-10 & College Dr.,"Baton Rouge, LA",$105
DoubleTree by Hilton Hotel Baton Rouge,"Baton Rouge, LA",$103
Embassy Suites by Hilton Baton Rouge,"Baton Rouge, LA",$104
Tru by Hilton Baton Rouge Citiplace,"Baton Rouge, LA",$79
Homewood Suites by Hilton Baton Rouge,"Baton Rouge, LA",$99
Home2 Suites by Hilton Baton Rouge,"Baton Rouge, LA",$94
Hampton Inn & Suites Baton Rouge - I-10 East,"Baton Rouge, LA",$89
Hilton Garden Inn Covington/Mandeville,"Covington, LA",$87
Homewood Suites by Hilton Covington,"Covington, LA",$82
Hampton Inn Covington,"Covington, LA",$90
Hampton Inn Shreveport/Bossier City,"Bossier City, LA",$86
Hilton Garden Inn Shreveport Bossier City,"Bossier City, LA",$92
"Homewood Suites by Hilton Shreveport / Bossier City, LA","Bossier City, LA",$101
Hampton Inn & Suites Shreveport/Bossier City at Airline Drive,"Bossier City, LA",$99
Name,Location,Price per Night
Hampton Inn Bangor,"Bangor, ME",$104
Hilton Garden Inn Bangor,"Bangor, ME",$113
Homewood Suites by Hilton Augusta,"Augusta, ME",$126
Hampton Inn Augusta,"Augusta, ME",$113
Hampton Inn Ellsworth/Bar Harbor,"Ellsworth, ME",$111
Hampton Inn Bar Harbor,"Bar Harbor, ME",
Hilton Garden Inn Auburn Riverwatch,"Auburn, ME",$96
Hampton Inn Lewiston-Auburn,"Lewiston, ME",$92
Hampton Inn Oxford,"Oxford, ME",$78
"Hampton Inn Bath (Brunswick Area), ME","Bath, ME",$106
Hilton Garden Inn Freeport Downtown,"Freeport, ME",$90
Hampton Inn Freeport/Brunswick,"Freeport, ME",$78
Hampton Inn Portland Downtown - Waterfront,"Portland, ME",$107
Hilton Garden Inn Portland Downtown Waterfront,"Portland, ME",$114
Hampton Inn & Suites Portland West,"Portland, ME",$78
Embassy Suites by Hilton Portland Maine,"Portland, ME",$110
Hilton Garden Inn Portland Airport,"Portland, ME",$96
"DoubleTree by Hilton Hotel Portland, ME","Portland, ME",$93
Hampton Inn Kennebunk Kennebunkport,"Kennebunk, ME",$89
Hampton Inn & Suites Kittery,"Kittery, ME",$96
Name,Location,Price per Night
Hilton Garden Inn Annapolis,"Annapolis, MD",$82
DoubleTree by Hilton Hotel Annapolis,"Annapolis, MD",$94
Hampton Inn & Suites Annapolis,"Annapolis, MD",$82
Hilton Garden Inn Annapolis Downtown,"Annapolis, MD",$100
Canopy by Hilton Baltimore Harbor Point,"Baltimore, MD",
Hampton Inn Baltimore-Downtown-Convention Center,"Baltimore, MD",$87
Homewood Suites by Hilton Baltimore,"Baltimore, MD",$111
Hilton Garden Inn Baltimore Inner Harbor,"Baltimore, MD",$112
"Pier 5 Hotel Baltimore, Curio Collection by Hilton","Baltimore, MD",$127
Hilton Baltimore Inner Harbor,"Baltimore, MD",$127
Hampton Inn & Suites Baltimore Inner Harbor,"Baltimore, MD",$87
Embassy Suites by Hilton Baltimore Inner Harbor,"Baltimore, MD",$93
"Home2 Suites by Hilton Baltimore Downtown, MD","Baltimore, MD",$82
Hampton Inn Baltimore Bayview Campus,"Baltimore, MD",$94
Inn at The Colonnade Baltimore - a DoubleTree by Hilton Hotel,"Baltimore, MD",$132
Hampton Inn Baltimore/White Marsh,"Baltimore, MD",$87
Hilton Garden Inn Baltimore/White Marsh,"Baltimore, MD",$96
"Home2 Suites by Hilton Baltimore / Aberdeen, MD","Aberdeen, MD",$94
Hilton Garden Inn Aberdeen,"Aberdeen, MD",$95
Hampton Inn & Suites Baltimore/Aberdeen,"Aberdeen, MD",$85
Name,Location,Price per Night
Homewood Suites by Hilton Boston-Billerica/Bedford/Burlington,"Billerica, MA",$90
DoubleTree by Hilton Hotel Boston - Bedford Glen,"Bedford, MA",$77
Hampton Inn Boston Bedford Burlington,"Billerica, MA",$78
"Homewood Suites by Hilton Boston/Cambridge-Arlington, MA","Arlington, MA",$131
Homewood Suites by Hilton Boston Marlborough,"Berlin, MA",$104
DoubleTree Suites by Hilton Hotel Boston - Cambridge,"Boston, MA",$120
Hilton Boston Back Bay,"Boston, MA",$136
Hampton Inn & Suites Boston Crosstown Center,"Boston, MA",$98
DoubleTree by Hilton Hotel Boston - Downtown,"Boston, MA",$108
Hilton Boston Downtown/Faneuil Hall,"Boston, MA",$130
Home2 Suites by Hilton Boston South Bay,"Boston, MA",
Embassy Suites by Hilton Boston at Logan Airport,"Boston, MA",$135
DoubleTree by Hilton Boston Bayside,"Boston, MA",$96
Hilton Boston Logan Airport,"Boston, MA",$132
Hilton Garden Inn Boston Logan Airport,"Boston, MA",$121
Homewood Suites by Hilton Boston / Andover,"Andover, MA",$107
Hampton Inn Boston/Braintree,"Braintree, MA",$103
DoubleTree by Hilton Hotel Boston-Andover,"Andover, MA",$119
Hampton Inn Auburn,"Auburn, MA",$94
Hampton Inn Amesbury,"Amesbury, MA",$87
Name,Location,Price per Night
Hampton Inn Big Rapids,"Big Rapids, MI",$83
Hampton Inn & Suites Bay City,"Bay City, MI",$78
DoubleTree by Hilton Hotel Bay City - Riverfront,"Bay City, MI",$111
Hampton Inn Birch Run/Frankenmuth,"Birch Run, MI",$75
Home2 Suites by Hilton Battle Creek,"Battle Creek, MI",
Hampton Inn Battle Creek,"Battle Creek, MI",$90
Hampton Inn Brighton,"Brighton, MI",$81
Hampton Inn Detroit/Auburn Hills-North (Great Lakes Crossing Area),"Auburn Hills, MI",$108
Hilton Garden Inn Benton Harbor / St. Joseph,"Benton Harbor, MI",$85
Hampton Inn Detroit/Auburn Hills South,"Auburn Hills, MI",$85
Embassy Suites by Hilton Auburn Hills,"Auburn Hills, MI",$99
Hampton Inn & Suites Ann Arbor West,"Ann Arbor, MI",$94
DoubleTree by Hilton Bloomfield Hills Detroit,"Bloomfield Hills, MI",$103
Hampton Inn Ann Arbor-North,"Ann Arbor, MI",$99
DoubleTree by Hilton Ann Arbor North,"Ann Arbor, MI",$118
Hilton Garden Inn Ann Arbor,"Ann Arbor, MI",$109
Hampton Inn Ann Arbor-South,"Ann Arbor, MI",$86
Hampton Inn Detroit/Belleville-Airport Area,"Belleville, MI",$97
Hampton Inn & Suites Allen Park,"Allen Park, MI",$100
Hampton Inn & Suites Adrian,"Adrian, MI",
Name,Location,Price per Night
Embassy Suites by Hilton Minneapolis North,"Brooklyn Center, MN",$117
Hilton Garden Inn Minneapolis Airport Mall of America,"Bloomington, MN",$82
Hampton Inn Suites Minneapolis St Paul Arpt-Mall of America,"Bloomington, MN",$87
Embassy Suites by Hilton Minneapolis Airport,"Bloomington, MN",$111
Hilton Minneapolis-St. Paul Airport,"Bloomington, MN",$94
Home2 Suites by Hilton Minneapolis Bloomington,"Bloomington, MN",$85
Embassy Suites by Hilton Bloomington/Minneapolis,"Bloomington, MN",$115
Home2 Suites by Hilton Minneapolis Mall of America,"Bloomington, MN",$87
Tru by Hilton Minneapolis Mall of America,"Bloomington, MN",$87
Homewood Suites by Hilton Minneapolis-Mall Of America,"Bloomington, MN",$89
Hilton Minneapolis/Bloomington,"Bloomington, MN",$90
Hilton Garden Inn Minneapolis/Bloomington,"Bloomington, MN",$89
Hampton Inn Minneapolis Bloomington West,"Bloomington, MN",$77
Home2 Suites by Hilton Brooklyn Park Minneapolis,"Brooklyn Park, MN",$104
Hampton Inn Brooklyn Park,"Brooklyn Park, MN",$91
Hampton Inn Minneapolis/Burnsville,"Burnsville, MN",$96
Hampton Inn & Suites Alexandria,"Alexandria, MN",$97
Hampton Inn & Suites Duluth North / Mall Area,"Duluth, MN",$104
DoubleTree by Hilton Hotel Bemidji,"Bemidji, MN",$126
Hampton Inn & Suites Bemidji,"Bemidji, MN",$113
Name,Location,Price per Night
Home2 Suites by Hilton Jackson Flowood Airport Area,"Flowood, MS",$98
Hampton Inn Jackson/Flowood (Airport Area) MS,"Flowood, MS",$89
Hilton Garden Inn Jackson/Flowood,"Flowood, MS",$96
Hampton Inn Canton,"Canton, MS",$76
Hilton Garden Inn Jackson/Clinton,"Clinton, MS",$90
Hampton Inn Jackson/Clinton,"Clinton, MS",$85
Hampton Inn Brookhaven,"Brookhaven, MS",$82
Hampton Inn & Suites Columbus,"Columbus, MS",$102
Hampton Inn Greenville,"Greenville, MS",$134
Hampton Inn Cleveland,"Cleveland, MS",$101
Hampton Inn & Suites D'Iberville Biloxi,"DIberville, MS",$169
"Home2 Suites by Hilton Biloxi North/D'Iberville, MS","D'Iberville, MS",$89
Hampton Inn Biloxi/Ocean Springs,"Biloxi, MS",$82
Hampton Inn Biloxi,"Biloxi, MS",$87
Home2 Suites by Hilton Batesville,"Batesville, MS",
Hampton Inn Batesville,"Batesville, MS",$74
DoubleTree by Hilton Hotel Biloxi,"Biloxi, MS",$99
Hilton Garden Inn Biloxi,"Biloxi, MS",$89
Hampton Inn Clarksdale,"Clarksdale, MS",$125
Hampton Inn Corinth,"Corinth, MS",$102
Name,Location,Price per Night
Hampton Inn & Suites Columbia (at the University of Missouri),"Columbia, MO",$107
Hampton Inn Columbia,"Columbia, MO",$96
The Broadway Columbia - a DoubleTree by Hilton Hotel,"Columbia, MO",$115
Hilton Garden Inn Columbia,"Columbia, MO",$94
Hampton Inn Farmington,"Farmington, MO",$90
Hampton Inn & Suites St. Louis/Chesterfield,"Chesterfield, MO",$91
Hilton Garden Inn St. Louis/Chesterfield,"Chesterfield, MO",$71
Hampton Inn St. Louis/Chesterfield,"Chesterfield, MO",$83
DoubleTree by Hilton Hotel St. Louis - Chesterfield,"Chesterfield, MO",$105
Homewood Suites by Hilton St. Louis-Chesterfield,"Chesterfield, MO",$113
Hampton Inn and Suites Clayton/St Louis-Galleria Area,"Clayton, MO",$122
Embassy Suites by Hilton St. Louis Airport,"Bridgeton, MO",$109
Hampton Inn Clinton,"Clinton, MO",$93
Hampton Inn Branson - Branson Hills,"Branson, MO",$74
Hilton Promenade at Branson Landing,"Branson, MO",$118
Hilton Branson Convention Center,"Branson, MO",$109
Hampton Inn Branson on the Strip,"Branson, MO",$76
Hampton Inn Cape Girardeau I-55 East,"Cape Girardeau, MO",$98
Hampton Inn Kansas City/Blue Springs,"Blue Springs, MO",$87
Hampton Inn Belton/Kansas City area,"Belton, MO",$89
Name,Location,Price per Night
Hilton Garden Inn Great Falls,"Great Falls, MT",$111
Hampton Inn Great Falls,"Great Falls, MT",$99
Hampton Inn Helena,"Helena, MT",$102
Home2 Suites by Hilton Helena,"Helena, MT",$84
DoubleTree by Hilton Helena Downtown,"Helena, MT",$122
Homewood Suites by Hilton Bozeman,"Bozeman, MT",$98
Hampton Inn Bozeman,"Bozeman, MT",$84
Hilton Garden Inn Bozeman,"Bozeman, MT",$126
Hampton Inn & Suites Billings West I-90,"Billings, MT",$113
"Homewood Suites by Hilton Billings, MT","Billings, MT",$122
Hilton Garden Inn Billings,"Billings, MT",$99
Home2 Suites by Hilton Billings,"Billings, MT",$115
Hampton Inn Billings,"Billings, MT",$113
DoubleTree by Hilton Hotel Billings,"Billings, MT",$115
Hampton Inn Butte,"Butte, MT",$94
DoubleTree by Hilton Hotel Missoula - Edgewater,"Missoula, MT",$103
Hampton Inn Missoula,"Missoula, MT",$102
Hilton Garden Inn Kalispell,"Kalispell, MT",$61
Hampton Inn Kalispell,"Kalispell, MT",$74
"Homewood Suites by Hilton Kalispell, MT","Kalispell, MT",$96
Name,Location,Price per Night
Tru by Hilton North Platte,"North Platte, NE",$69
Hampton Inn North Platte,"North Platte, NE",$89
Hampton Inn Kearney,"Kearney, NE",$104
Hampton Inn Grand Island,"Grand Island, NE",$104
Hampton Inn Hastings,"Hastings, NE",
Hampton Inn Columbus NE,"Columbus, NE",
Hampton Inn Norfolk,"Norfolk, NE",$96
Hampton Inn Lincoln Airport,"Lincoln, NE",$82
Hilton Garden Inn Lincoln Downtown/Haymarket,"Lincoln, NE",$107
Hampton Inn & Suites Lincoln - Northeast I-80,"Lincoln, NE",$74
Embassy Suites by Hilton Lincoln,"Lincoln, NE",$124
Hampton Inn Lincoln - South/Heritage Park,"Lincoln, NE",$81
Embassy Suites by Hilton Omaha La Vista Hotel & Conference Center,"La Vista, NE",$124
Hampton Inn & Suites Omaha Southwest-La Vista,"La Vista, NE",$91
Hampton Inn Omaha Midtown-Aksarben Area,"Omaha, NE",$106
DoubleTree by Hilton Omaha Southwest,"Omaha, NE",$117
Hampton Inn Bellevue,"Bellevue, NE",$96
DoubleTree by Hilton Hotel Omaha Downtown,"Omaha, NE",$82
Hampton Inn & Suites Omaha-Downtown,"Omaha, NE",$84
Embassy Suites by Hilton Omaha Downtown Old Market,"Omaha, NE",$115
Name,Location,Price per Night
Hampton Inn Elko,"Elko, NV",$91
Home2 Suites by Hilton Elko,"Elko, NV",$85
Hilton Garden Inn Elko,"Elko, NV",$81
Hampton Inn & Suites Carson City,"Carson City, NV",$128
Hampton Inn Las Vegas/Summerlin,"Las Vegas, NV",$82
Hampton Inn & Suites Las Vegas-Red Rock/Summerlin,"Las Vegas, NV",$127
Hampton Inn & Suites Las Vegas Convention Center,"Las Vegas, NV",
Embassy Suites by Hilton Convention Center Las Vegas,"Las Vegas, NV",$128
Hilton Garden Inn Las Vegas City Center,"Las Vegas, NV",$118
Elara by Hilton Grand Vacations – Center Strip,"Las Vegas, NV",$135
Embassy Suites by Hilton Las Vegas,"Las Vegas, NV",$119
Hampton Inn Tropicana,"Las Vegas, NV",$102
Hampton Inn & Suites Las Vegas Airport,"Las Vegas, NV",$98
DoubleTree by Hilton Hotel Las Vegas Airport,"Las Vegas, NV",$107
Hilton Garden Inn Las Vegas Strip South,"Las Vegas, NV",$112
Hilton Lake Las Vegas Resort & Spa,"Henderson, NV",$110
Hilton Garden Inn Las Vegas/Henderson,"Henderson, NV",$106
Hampton Inn & Suites Las Vegas-Henderson,"Henderson, NV",$87
Hampton Inn & Suites Las Vegas South,"Henderson, NV",$107
Homewood Suites by Hilton Henderson South Las Vegas,"Henderson, NV",$111
Name,Location,Price per Night
Hampton Inn Concord/Bow,"Bow, NH",$96
Tru by Hilton Concord,"Concord, NH",
DoubleTree by Hilton Manchester Downtown,"Manchester, NH",$140
Hilton Garden Inn Manchester Downtown,"Manchester, NH",$134
Hampton Inn & Suites Tilton,"Tilton, NH",$106
Hampton Inn & Suites Manchester-Bedford,"Bedford, NH",$105
Homewood Suites by Hilton Manchester/Airport,"Manchester, NH",$113
DoubleTree by Hilton Nashua,"Nashua, NH",$110
Hampton Inn Nashua,"Nashua, NH",$95
Homewood Suites by Hilton Dover,"Dover, NH",$112
Homewood Suites by Hilton Gateway Hills Nashua,"Nashua, NH",$106
Hampton Inn Dover,"Dover, NH",$96
Hampton Inn & Suites Exeter,"Exeter, NH",$91
Hampton Inn Portsmouth Central,"Portsmouth, NH",$91
Homewood Suites by Hilton Portsmouth,"Portsmouth, NH",$113
Hampton Inn & Suites Portsmouth Downtown,"Portsmouth, NH",$136
Hilton Garden Inn Portsmouth Downtown,"Portsmouth, NH",$109
Hilton Garden Inn Hanover Lebanon,"Lebanon, NH",$131
Hampton Inn & Suites North Conway,"North Conway, NH",$90
Hampton Inn Littleton,"Littleton, NH",$180
Name,Location,Price per Night
Hampton Inn East Windsor,"East Windsor, NJ",$104
Hampton Inn Bordentown,"Bordentown, NJ",$78
Home2 Suites by Hilton Bordentown,"Bordentown, NJ",$108
Hampton Inn Cranbury,"Cranbury, NJ",$102
DoubleTree by Hilton Hotel Tinton Falls - Eatontown,"Eatontown, NJ",$118
Hilton East Brunswick Hotel & Executive Meeting Center,"East Brunswick, NJ",$104
Hilton Garden Inn Bridgewater,"Bridgewater, NJ",$102
Hampton Inn & Suites Bridgewater,"Bridgewater, NJ",$108
Homewood Suites by Hilton Bridgewater/Branchburg,"Branchburg, NJ",$121
Hampton Inn & Suites Deptford,"Deptford, NJ",
Hampton Inn Turnersville (Philadelphia Area),"Blackwood, NJ",$106
Homewood Suites by Hilton Newark-Cranford,"Cranford, NJ",$115
Embassy Suites by Hilton Berkeley Heights,"Berkeley Heights, NJ",$152
Hampton Inn Atlantic City/Absecon,"Absecon, NJ",$96
Hampton Inn Clinton,"Clinton, NJ",$104
Hilton Meadowlands,"East Rutherford, NJ",$114
Hampton Inn Carlstadt-At The Meadowlands,"Carlstadt, NJ",$95
"Homewood Suites by Hilton East Rutherford - Meadowlands, NJ","East Rutherford, NJ",$135
Homewood Suites by Hilton Dover - Rockaway,"Dover, NJ",$102
Hampton Inn Denville/Rockaway/Parsippany,"Denville, NJ",$98
Name,Location,Price per Night
Hilton Garden Inn Albuquerque Airport,"Albuquerque, NM",$87
Homewood Suites by Hilton Albuquerque Uptown,"Albuquerque, NM",$102
Hilton Garden Inn Albuquerque Uptown,"Albuquerque, NM",$92
Homewood Suites by Hilton Albuquerque Airport,"Albuquerque, NM",$87
Hampton Inn & Suites Albuquerque Airport,"Albuquerque, NM",$85
Hampton Inn Albuquerque-University/Midtown,"Albuquerque, NM",$91
Embassy Suites by Hilton Albuquerque,"Albuquerque, NM",$122
Home2 Suites by Hilton Albuquerque/Downtown-University,"Albuquerque, NM",$94
"Hotel Andaluz Albuquerque, Curio Collection by Hilton","Albuquerque, NM",$149
DoubleTree by Hilton Hotel Albuquerque,"Albuquerque, NM",$98
Hampton Inn & Suites Albuquerque North/I-25,"Albuquerque, NM",$104
Homewood Suites by Hilton Albuquerque-Journal Center,"Albuquerque, NM",$94
Hilton Garden Inn Albuquerque/Journal Center,"Albuquerque, NM",$91
Hampton Inn & Suites Albuquerque-Coors Road,"Albuquerque, NM",$96
Hampton Inn Alamogordo,"Alamogordo, NM",$122
Hampton Inn & Suites Artesia,"Artesia, NM",$122
Hampton Inn & Suites Carlsbad,"Carlsbad, NM",$149
Home2 Suites by Hilton Carlsbad,"Carlsbad, NM",
"Hampton Inn Deming, NM","Deming, NM",$95
Hampton Inn & Suites Farmington,"Farmington, NM",$81
Name,Location,Price per Night
Millennium Times Square New York,0.08 miles,$107
Hilton Garden Inn New York/Times Square Central,0.2 miles,$115
Hilton Times Square,0.21 miles,$121
Hampton Inn Manhattan/Times Square Central,0.22 miles,$122
Hilton Garden Inn Times Square,0.23 miles,$104
Hampton Inn Manhattan-Times Square North,0.35 miles,$104
"Distrikt Hotel New York City, Tapestry Collection by Hilton",0.39 miles,$94
DoubleTree by Hilton Hotel New York Times Square West,0.4 miles,$87
Hampton Inn Manhattan/Times Square South,0.42 miles,$118
New York Hilton Midtown,0.43 miles,$152
The Residences by Hilton Club,0.44 miles,$516
Embassy Suites by Hilton New York Manhattan Times Square,0.46 miles,$144
Conrad New York Midtown,0.46 miles,$328
Hilton Garden Inn New York/Central Park South-Midtown West,0.47 miles,$107
"Homewood Suites by Hilton New York/Midtown Manhattan Times Square-South, NY",0.47 miles,$140
The Hilton Club - New York,0.47 miles,$316
Hilton Garden Inn New York Times Square South,0.48 miles,$108
DoubleTree by Hilton Hotel New York - Times Square South,0.51 miles,$92
Hilton Garden Inn New York/West 35th Street,0.53 miles,$119
Hampton Inn Manhattan-35th St/Empire State Bldg,0.54 miles,$103
Name,Location,Price per Night
Hampton Inn Benson,"Benson, NC",$100
Hampton Inn Asheboro,"Asheboro, NC",$85
Hampton Inn & Suites Southern Pines-Pinehurst,"Aberdeen, NC",$116
Hampton Inn High Point,"Archdale, NC",$109
Hampton Inn Bermuda Run,"Bermuda Run, NC",$96
Hampton Inn Charlotte-Belmont @ Montcross,"Belmont, NC",$96
DoubleTree by Hilton Hotel Atlantic Beach Oceanfront,"Atlantic Beach, NC",$84
Hampton Inn & Suites Boone,"Boone, NC",$100
Hampton Inn Black Mountain,"Black Mountain, NC",$97
Hampton Inn Asheville-Tunnel Rd.,"Asheville, NC",$85
Homewood Suites by Hilton Asheville-Tunnel Road,"Asheville, NC",$113
Home2 Suites by Hilton Asheville Biltmore Village,"Asheville, NC",$93
Hampton Inn & Suites Asheville Biltmore Village,"Asheville, NC",$119
DoubleTree by Hilton Hotel Asheville - Biltmore,"Asheville, NC",$104
Hilton Garden Inn  Asheville Downtown,"Asheville, NC",$138
"The Foundry Hotel Asheville, Curio Collection by Hilton","Asheville, NC",$153
Home2 Suites by Hilton Asheville Airport,"Arden, NC",
Hilton Asheville Biltmore Park,"Asheville, NC",$162
Hilton Garden Inn Asheville South,"Asheville, NC",
Hampton Inn & Suites Asheville Biltmore Area,"Asheville, NC",$113
Name,Location,Price per Night
Hampton Inn & Suites Minot Airport,"Minot, ND",$102
Hampton Inn Bismarck,"Bismarck, ND",$94
Home2 Suites by Hilton Bismarck,"Bismarck, ND",$97
Hampton Inn & Suites Bismarck Northwest,"Bismarck, ND",$103
Hampton Inn & Suites Dickinson,"Dickinson, ND",$84
"Hampton Inn & Suites Jamestown, ND","Jamestown, ND",$74
Hampton Inn & Suites Williston,"Williston, ND",$106
Hampton Inn & Suites Grand Forks,"Grand Forks, ND",$91
Hilton Garden Inn Grand Forks-UND,"Grand Forks, ND",$77
DoubleTree by Hilton West Fargo Sanford Medical Center Area,"West Fargo, ND",$89
Homewood Suites by Hilton West Fargo Sanford Medical Center Area,"West Fargo, ND",$87
Hampton Inn & Suites Fargo Medical Center,"Fargo, ND",$92
"Home2 Suites by Hilton Fargo, ND","Fargo, ND",$83
Hilton Garden Inn Fargo,"Fargo, ND",$91
Homewood Suites by Hilton Fargo,"Fargo, ND",$93
Name,Location,Price per Night
Hampton Inn & Suites Ashland,"Ashland, OH",$91
Home2 Suites by Hilton Dayton Beavercreek,"Beavercreek, OH",$93
Hampton Inn Akron-Fairlawn,"Akron, OH",$89
"Homewood Suites by Hilton Akron Fairlawn, OH","Akron, OH",$93
Hilton Akron/Fairlawn,"Akron, OH",$116
DoubleTree by Hilton Hotel Akron - Fairlawn,"Akron, OH",$102
Hampton Inn Akron-South,"Akron, OH",$87
Hilton Garden Inn Akron,"Akron, OH",$104
Hampton Inn Athens,"Athens, OH",$111
Hampton Inn & Suites Alliance,"Alliance, OH",$82
Hampton Inn & Suites Cleveland-Beachwood,"Beachwood, OH",$97
DoubleTree by Hilton Hotel Cleveland East Beachwood,"Beachwood, OH",$90
Embassy Suites by Hilton Cleveland Beachwood,"Beachwood, OH",$99
Home2 Suites by Hilton Cleveland Beachwood,"Beachwood, OH",$85
Homewood Suites by Hilton Cleveland-Beachwood,"Beachwood, OH",$113
Home2 Suites by Hilton Blue Ash Cincinnati,"Blue Ash, OH",$98
Hilton Garden Inn Cincinnati Blue Ash,"Blue Ash, OH",$99
Hampton Inn Blue Ash/Cincinnati,"Blue Ash, OH",$96
Embassy Suites by Hilton Cincinnati Northeast Blue Ash,"Blue Ash, OH",$115
Hampton Inn Ashtabula,"Austinburg, OH",$102
Name,Location,Price per Night
Hampton Inn & Suites Ada,"Ada, OK",$93
Hampton Inn Chickasha,"Chickasha, OK",$111
Home2 Suites by Hilton Edmond,"Edmond, OK",$96
Hampton Inn Oklahoma City/Edmond,"Edmond, OK",$81
Hilton Garden Inn Edmond / Oklahoma City North,"Edmond, OK",$98
Hilton Garden Inn Ardmore,"Ardmore, OK",$87
Hampton Inn & Suites Ardmore,"Ardmore, OK",$76
Hampton Inn Duncan,"Duncan, OK",$96
Home2 Suites by Hilton El Reno,"El Reno, OK",$69
Hampton Inn El Reno,"El Reno, OK",$81
Homewood Suites by Hilton Tulsa-South,"Broken Arrow, OK",$91
Hampton Inn Tulsa/Broken Arrow,"Broken Arrow, OK",$85
Hilton Garden Inn Tulsa-Broken Arrow,"Broken Arrow, OK",$96
Hampton Inn & Suites Tulsa/Catoosa,"Catoosa, OK",$88
Homewood Suites by Hilton Tulsa Catoosa,"Catoosa, OK",$104
Hampton Inn Clinton,"Clinton, OK",$99
Hampton Inn & Suites Claremore,"Claremore, OK",$87
Hampton Inn & Suites Altus,"Altus, OK",$109
Hilton Garden Inn Bartlesville,"Bartlesville, OK",$98
Hampton Inn Bartlesville,"Bartlesville, OK",$91
Name,Location,Price per Night
Hilton Garden Inn Bend,"Bend, OR",$114
Hampton Inn & Suites Bend,"Bend, OR",$104
DoubleTree by Hilton Hotel Bend,"Bend, OR",$126
Tru by Hilton Eugene,"Eugene, OR",
Home2 Suites by Hilton Eugene Downtown University Area,"Eugene, OR",$115
Hampton Inn Eugene,"Eugene, OR",$111
Hampton Inn & Suites Hood River,"Hood River, OR",$95
Hilton Garden Inn Corvallis,"Corvallis, OR",$124
Hampton Inn Portland/Clackamas,"Clackamas, OR",$83
Hampton Inn Medford,"Medford, OR",$85
Hilton Garden Inn Medford,"Medford, OR",$87
Hilton Garden Inn Portland/Lake Oswego,"Lake Oswego, OR",$96
Hilton Garden Inn Portland/Beaverton,"Beaverton, OR",$87
Homewood Suites by Hilton Hillsboro/Beaverton,"Beaverton, OR",$131
DoubleTree by Hilton Hotel Portland - Beaverton,"Beaverton, OR",$113
Home2 Suites by Hilton Portland Hillsboro,"Hillsboro, OR",
Hampton Inn & Suites Portland/Hillsboro-Evergreen Park,"Hillsboro, OR",$97
"Embassy Suites by Hilton Portland Hillsboro, Oregon","Hillsboro, OR",$118
Hampton Inn &  Suites Grants Pass,"Grants Pass, OR",$91
Hampton Inn & Suites Astoria,"Astoria, OR",$106
Name,Location,Price per Night
Hampton Inn Bloomsburg,"Bloomsburg, PA",$107
Hampton Inn Carlisle,"Carlisle, PA",$99
Hampton Inn Altoona,"Altoona, PA",$104
Hampton Inn Chambersburg,"Chambersburg, PA",$97
Hilton Garden Inn Allentown West,"Breinigsville, PA",$104
"Homewood Suites by Hilton Allentown-West/Fogelsville, PA","Allentown, PA",$104
Hilton Garden Inn Allentown Bethlehem Airport,"Allentown, PA",$94
Homewood Suites by Hilton Allentown-Bethlehem Airport,"Bethlehem, PA",$94
Hampton Inn & Suites Bethlehem,"Bethlehem, PA",$101
Homewood Suites by Hilton Allentown Bethlehem Center Valley,"Center Valley, PA",$109
Hampton Inn Bedford,"Bedford, PA",$121
Hampton Inn & Suites Blairsville,"Blairsville, PA",$91
Tru By Hilton Audubon Valley Forge,"Audubon, PA",$84
Homewood Suites by Hilton Philadelphia-Valley Forge,"Audubon, PA",$121
Hampton Inn & Suites Philadelphia/Bensalem,"Bensalem, PA",$97
Hampton Inn Butler,"Butler, PA",$103
Hampton Inn Belle Vernon,"Belle Vernon, PA",$86
Hampton Inn Pittsburgh-Bridgeville,"Bridgeville, PA",$88
Hilton Garden Inn Pittsburgh/Southpointe,"Canonsburg, PA",$108
Homewood Suites by Hilton Pittsburgh-Southpointe,"Canonsburg, PA",$99
Name,Location,Price per Night
Hampton Inn Coventry-Warwick Area,"Coventry, RI",$104
Hampton Inn South Kingstown - Newport Area,"South Kingstown, RI",$100
"NYLO Providence Warwick Hotel, Tapestry Collection by Hilton","Warwick, RI",$102
Homewood Suites by Hilton Providence-Warwick,"Warwick, RI",$102
"Homewood Suites by Hilton Newport Middletown, RI","Middletown, RI",$106
Hampton Inn & Suites Providence/Warwick-Airport,"Warwick, RI",$91
Hampton Inn & Suites Newport/Middletown,"Middletown, RI",$89
Hilton Garden Inn Providence Airport/Warwick,"Warwick, RI",$109
Hilton Providence,"Providence, RI",$149
Hilton Garden Inn Providence,"Providence, RI",$137
Hampton Inn & Suites Providence Downtown,"Providence, RI",$140
Homewood Suites by Hilton Providence Downtown,"Providence, RI",$154
Hampton Inn Pawtucket,"Pawtucket, RI",$96
Home2 Suites by Hilton Smithfield Providence,"Smithfield, RI",$115
Hampton Inn & Suites Providence/Smithfield,"Smithfield, RI",$100
Name,Location,Price per Night
Hampton Inn Aiken,"Aiken, SC",$94
Hilton Garden Inn Aiken,"Aiken, SC",$99
Hampton Inn Camden,"Camden, SC",$122
Hampton Inn & Suites Clinton - I-26,"Clinton, SC",$104
Hampton Inn & Suites Charleston/West Ashley,"Charleston, SC",$104
Home2 Suites Charleston West Ashley,"Charleston, SC",$115
Hampton Inn Charleston - Daniel Island,"Charleston, SC",$113
Hampton Inn Anderson/ Alliance Business Park,"Anderson, SC",$84
Home2 Suites by Hilton Beaufort,"Beaufort, SC",$101
Tru by Hilton Beaufort,"Beaufort, SC",
Hampton Inn Beaufort,"Beaufort, SC",$83
Hilton Garden Inn Beaufort,"Beaufort, SC",$93
Hilton Garden Inn Charleston Waterfront/Downtown,"Charleston, SC",$162
Homewood Suites by Hilton Charleston Historic District,"Charleston, SC",$153
Hampton Inn Charleston-Historic District,"Charleston, SC",$166
Embassy Suites by Hilton Charleston Historic District,"Charleston, SC",$175
Hilton Garden Inn Anderson,"Anderson, SC",$107
Hampton Inn Anderson,"Anderson, SC",$96
Hampton Inn & Suites Bluffton-Sun City,"Bluffton, SC",$104
Hampton Inn Clemson-University Area,"Clemson, SC",$99
Name,Location,Price per Night
Hampton Inn Mitchell,"Mitchell, SD",$90
Hampton Inn & Suites Aberdeen,"Aberdeen, SD",$105
Hampton Inn & Suites Brookings,"Brookings, SD",$104
Hampton Inn Sioux Falls,"Sioux Falls, SD",$98
Hilton Garden Inn Sioux Falls South,"Sioux Falls, SD",$113
Hampton Inn & Suites Southwest/Sioux Falls,"Sioux Falls, SD",$96
Homewood Suites by Hilton Sioux Falls,"Sioux Falls, SD",$94
"Home2 Suites by Hilton Sioux Falls/ Sanford Medical Center, SD","Sioux Falls, SD",$122
Hilton Garden Inn Sioux Falls Downtown,"Sioux Falls, SD",$126
Home2 Suites by Hilton Rapid City,"Box Elder, SD",$43
Hampton Inn & Suites Rapid City Rushmore,"Rapid City, SD",$74
Hilton Garden Inn Rapid City,"Rapid City, SD",$59
Tru by Hilton Rapid City Rushmore,"Rapid City, SD",$51
Hampton Inn Rapid City,"Rapid City, SD",$53
"Hotel Alex Johnson Rapid City, Curio Collection by Hilton","Rapid City, SD",$55
DoubleTree by Hilton Deadwood at Cadillac Jack's,"Deadwood, SD",$38
Tru by Hilton Deadwood,"Deadwood, SD",$38
Hampton Inn Deadwood at Tin Lizzie Gaming Resort,"Deadwood, SD",$38
Hampton Inn Spearfish,"Spearfish, SD",$104
Hampton Inn North Sioux City,"North Sioux City, SD",$72
Name,Location,Price per Night
Hampton Inn Nashville-I-24 Hickory Hollow,"Antioch, TN",$96
Hilton Garden Inn Nashville Brentwood,"Brentwood, TN",$127
Hilton Brentwood/Nashville Suites,"Brentwood, TN",$112
Homewood Suites by Hilton Nashville-Brentwood,"Brentwood, TN",$99
Hampton Inn Nashville/Brentwood-I-65S,"Brentwood, TN",$107
Hampton Inn Chattanooga West/Lookout Mountain,"Chattanooga, TN",$100
Hilton Garden Inn Chattanooga Downtown,"Chattanooga, TN",$118
DoubleTree by Hilton Hotel Chattanooga Downtown,"Chattanooga, TN",$119
Hampton Inn & Suites Chattanooga/Downtown,"Chattanooga, TN",$119
Hampton Inn Chattanooga East Ridge,"Chattanooga, TN",$98
Home2 Suites by Hilton Chattanooga Hamilton Place,"Chattanooga, TN",$102
Hampton Inn & Suites Chattanooga/Hamilton Place,"Chattanooga, TN",$100
Hilton Garden Inn Chattanooga/Hamilton Place,"Chattanooga, TN",$113
Embassy Suites by Hilton Chattanooga Hamilton Place,"Chattanooga, TN",$127
Hampton Inn Athens,"Athens, TN",$100
Hampton Inn Caryville-I-75/Cove Lake-State Park,"Caryville, TN",$84
Hilton Knoxville Airport,"Alcoa, TN",$124
Hampton Inn Knoxville-Airport,"Alcoa, TN",$83
Hampton Inn & Suites Memphis-Wolfchase Galleria,"Bartlett, TN",$118
Hampton Inn Bristol,"Bristol, TN",$111
Name,Location,Price per Night
Hilton Garden Inn Abilene,"Abilene, TX",$106
Hampton Inn Abilene,"Abilene, TX",$78
Home2 Suites by Hilton Abilene,"Abilene, TX",$99
Hampton Inn & Suites Abilene I-20,"Abilene, TX",$87
Hilton Garden Inn Dallas/Addison,"Addison, TX",$89
Homewood Suites by Hilton Dallas/Addison,"Addison, TX",$90
Hampton Inn Dallas-Addison,"Addison, TX",$72
Home2 Suites by Hilton Dallas Addison,"Addison, TX",$98
Hilton Garden Inn Dallas/Allen,"Allen, TX",$79
Homewood Suites by Hilton Dallas/Allen,"Allen, TX",$88
Tru by Hilton Allen Dallas,"Allen, TX",
Hampton Inn & Suites-Dallas Allen,"Allen, TX",$79
Hampton Inn & Suites Amarillo East,"Amarillo, TX",$100
Embassy Suites by Hilton Amarillo Downtown,"Amarillo, TX",$96
Hampton Inn Alpine,"Alpine, TX",$109
Hampton Inn & Suites Amarillo West,"Amarillo, TX",$81
Homewood Suites by Hilton Amarillo,"Amarillo, TX",$76
Home2 Suites by Hilton Amarillo,"Amarillo, TX",$78
Hilton Garden Inn Amarillo,"Amarillo, TX",$84
Hampton Inn Alice,"Alice, TX",$82
Name,Location,Price per Night
Tru by Hilton Lehi,"Lehi, UT",$69
Hilton Garden Inn Lehi,"Lehi, UT",$85
Home2 Suites by Hilton Lehi/Thanksgiving Point,"Lehi, UT",$87
Hampton Inn Lehi-Thanksgiving Point,"Lehi, UT",$87
Hampton Inn Draper Salt Lake City,"Draper, UT",$88
Homewood Suites by Hilton Salt Lake City Draper,"Draper, UT",$85
Hampton Inn Moab,"Moab, UT",$67
Homewood Suites by Hilton Moab,"Moab, UT",$82
Hampton Inn Salt Lake City Cottonwood,"Holladay, UT",$126
Homewood Suites by Hilton Salt Lake City-Midvale/Sandy,"Midvale, UT",$110
Tru by Hilton Salt Lake City Midvale,"Midvale, UT",$87
Hampton Inn & Suites Salt Lake City/Farmington,"Farmington, UT",$86
"Home2 Suites by Hilton Salt Lake City/Layton, UT","Layton, UT",$89
Hilton Garden Inn Salt Lake City/Layton,"Layton, UT",$84
Hampton Inn Salt Lake City/Layton,"Layton, UT",$87
Tru by Hilton Clearfield Hill Air Force Base,"Clearfield, UT",
Hampton Inn Cedar City,"Cedar City, UT",$72
Hampton Inn Brigham City,"Brigham City, UT",$78
Hampton Inn & Suites Logan,"Logan, UT",$91
Hampton Inn Kanab,"Kanab, UT",$69
Name,Location,Price per Night
"Home2 Suites by Hilton Williston Burlington, VT","Williston, VT",
Hampton Inn Colchester,"Colchester, VT",$105
Hampton Inn St. Albans,"St Albans, VT",$110
Homewood Suites by Hilton Burlington,"South Burlington, VT",$158
DoubleTree by Hilton Burlington Vermont,"South Burlington, VT",$113
Hilton Garden Inn Burlington Downtown,"Burlington, VT",$134
Hilton Burlington Lake Champlain,"Burlington, VT",$126
Hampton Inn White River Junction,"White River Junction, VT",$102
Hampton Inn Rutland,"Rutland, VT",$118
Hampton Inn & Suites Manchester,"Manchester, VT",$126
Hampton Inn Brattleboro,"Brattleboro, VT",$94
Hampton Inn Bennington,"Bennington, VT",$132
Name,Location,Price per Night
Hampton Inn & Suites Fort Belvoir Alexandria South,"Alexandria, VA",$94
Hilton Garden Inn Dulles North,"Ashburn, VA",$90
Homewood Suites by Hilton Dulles-North/Loudoun,"Ashburn, VA",$93
Hilton Alexandria Mark Center,"Alexandria, VA",$96
Hampton Inn & Suites Alexandria Old Town Area South,"Alexandria, VA",$102
Embassy Suites by Hilton Alexandria Old Town,"Alexandria, VA",$125
Hilton Garden Inn Alexandria Old Town King St. Metro,"Alexandria, VA",$121
Hilton Alexandria Old Town,"Alexandria, VA",$107
Hampton Inn Alexandria-Old Town/King St. Metro,"Alexandria, VA",$115
Hampton Inn Alexandria/Pentagon South,"Alexandria, VA",$103
"Homewood Suites by Hilton Alexandria/Pentagon South, VA","Alexandria, VA",$115
Hilton Garden Inn Arlington Shirlington,"Arlington, VA",$99
Hilton Arlington,"Arlington, VA",$95
Hilton Crystal City at Washington Reagan National Airport,"Arlington, VA",$111
Hilton Garden Inn Reagan National Airport,"Arlington, VA",$96
Hampton Inn & Suites Reagan National Airport,"Arlington, VA",$107
Embassy Suites by Hilton Crystal City National Airport,"Arlington, VA",$108
DoubleTree by Hilton Hotel Washington DC - Crystal City,"Arlington, VA",$97
Hilton Garden Inn Arlington/Courthouse Plaza,"Arlington, VA",$91
Homewood Suites by Hilton Arlington Rosslyn Key Bridge,"Arlington, VA",$111
Name,Location,Price per Night
Hilton Garden Inn Seattle Bellevue Downtown,"Bellevue, WA",$128
Hilton Bellevue,"Bellevue, WA",$130
Hampton Inn & Suites Bellevue Downtown-Seattle,"Bellevue, WA",$96
Embassy Suites by Hilton Seattle Bellevue,"Bellevue, WA",$122
Homewood Suites by Hilton Seattle-Issaquah,"Issaquah, WA",$119
Hilton Garden Inn Seattle/Issaquah,"Issaquah, WA",$102
"Hampton Inn & Suites Seattle/Kent,WA","Kent, WA",$130
Hampton Inn & Suites Bremerton,"Bremerton, WA",$98
"Hilton Garden Inn Seattle/Bothell, WA","Bothell, WA",$107
Hampton Inn & Suites Seattle/Federal Way,"Federal Way, WA",$113
Hampton Inn Seattle/Everett,"Everett, WA",$96
Hampton Inn & Suites DuPont,"Dupont, WA",$94
Home2 Suites by Hilton DuPont,"Dupont, WA",$93
Hampton Inn & Suites Burlington,"Burlington, WA",$94
"The Chrysalis Inn & Spa Bellingham, Curio Collection by Hilton","Bellingham, WA",$162
Hampton Inn & Suites Leavenworth,"Leavenworth, WA",$93
Home2 Suites by Hilton Bellingham Airport,"Bellingham, WA",$122
Hampton Inn Ellensburg,"Ellensburg, WA",$93
Hilton Garden Inn Tri-Cities/Kennewick,"Kennewick, WA",$104
Hampton Inn Kennewick at Southridge,"Kennewick, WA",$104
Name,Location,Price per Night
Hampton Inn Buckhannon,"Buckhannon, WV",$80
Hampton Inn Elkins,"Elkins, WV",$85
Hilton Garden Inn Clarksburg,"Clarksburg, WV",$82
Hampton Inn Bridgeport/Clarksburg,"Bridgeport, WV",$82
Hampton Inn Lewisburg,"Lewisburg, WV",$96
Hampton Inn Fairmont,"Fairmont, WV",$91
Embassy Suites by Hilton Charleston,"Charleston, WV",$135
Hampton Inn Charleston-Downtown,"Charleston, WV",$94
Hampton Inn Beckley,"Beckley, WV",$101
Hampton Inn Parkersburg-Mineral Wells,"Mineral Wells, WV",$74
Hampton Inn Charleston-Southridge,"Charleston, WV",$106
Hampton Inn Winfield/Teays Valley,"Hurricane, WV",$121
Hampton Inn Huntington/Barboursville,"Barboursville, WV",$92
Hampton Inn Huntington University Area,"Huntington, WV",$74
DoubleTree by Hilton Huntington,"Huntington, WV",$79
Hampton Inn Martinsburg South-Inwood,"Inwood, WV",$92
Hilton Garden Inn Martinsburg,"Martinsburg, WV",$109
Hampton Inn Martinsburg,"Martinsburg, WV",$96
Home2 Suites by Hilton Charles Town,"Charles Town, WV",$121
Hampton Inn & Suites Charles Town,"Charles Town, WV",$111
Name,Location,Price per Night
Hampton Inn Fond du Lac,"Fond du Lac, WI",$92
Home2 Suites by Hilton Appleton,"Grand Chute, WI",$100
DoubleTree by Hilton Appleton,"Appleton, WI",$82
Hampton Inn Appleton-Fox River Mall Area,"Appleton, WI",$80
Hampton Inn & Suites Grafton,"Grafton, WI",$96
Hampton Inn Green Bay,"Green Bay, WI",$74
Hampton Inn Milwaukee/Brookfield,"Brookfield, WI",$80
DoubleTree by Hilton Hotel Milwaukee - Brookfield,"Brookfield, WI",$74
Hilton Garden Inn Milwaukee Brookfield Conference Center,"Brookfield, WI",
Embassy Suites by Hilton Milwaukee Brookfield,"Brookfield, WI",$113
Hampton Inn Green Bay Downtown,"Green Bay, WI",$87
Hampton Inn & Suites Milwaukee/Franklin,"Franklin, WI",$93
Hampton Inn Elkhorn Lake Geneva Area,"Elkhorn, WI",$77
Hampton Inn Burlington,"Burlington, WI",$82
Hampton Inn Beloit,"Beloit, WI",$102
Home2 Suites by Hilton Beloit,"Beloit, WI",$98
Home2 Suites by Hilton Eau Claire South,"Eau Claire, WI",$83
Hampton Inn & Suites Chippewa Falls,"Chippewa Falls, WI",$96
The Lismore Hotel Eau Claire - a DoubleTree by Hilton Hotel,"Eau Claire, WI",$104
Hampton Inn Eau Claire,"Eau Claire, WI",$74
Name,Location,Price per Night
Hilton Garden Inn Casper,"Casper, WY",$82
Hampton Inn & Suites Casper,"Casper, WY",$83
Hampton Inn & Suites Riverton,"Riverton, WY",$113
Hampton Inn Rawlins,"Rawlins, WY",$76
Hampton Inn & Suites Buffalo,"Buffalo, WY",$78
Hampton Inn & Suites Douglas,"Douglas, WY",$118
Hampton Inn Sheridan,"Sheridan, WY",$87
Hampton Inn Gillette,"Gillette, WY",$74
Home2 Suites by Hilton Gillette,"Gillette, WY",$84
Hampton Inn & Suites Pinedale,"Pinedale, WY",$94
Hampton Inn Rock Springs,"Rock Springs, WY",$91
Homewood Suites by Hilton Rock Springs,"Rock Springs, WY",$89
Hilton Garden Inn Laramie,"Laramie, WY",$90
Hampton Inn Laramie,"Laramie, WY",$74
Hampton Inn & Suites Green River,"Green River, WY",$87
Homewood Suites by Hilton Jackson,"Jackson, WY",$132
Hampton Inn Jackson Hole,"Jackson, WY",$129
Tru by Hilton Cheyenne,"Cheyenne, WY",$81
Hampton Inn Evanston,"Evanston, WY",$90
Name,Location,Price per Night
Hampton Inn & Suites by Hilton Edmonton/West,"Edmonton, AB",C$111
Hilton Garden Inn West Edmonton,"Edmonton, AB",C$110
"Home2 Suites by Hilton West Edmonton, Alberta, Canada","Edmonton, AB",C$104
DoubleTree by Hilton Hotel West Edmonton,"Edmonton, AB",C$124
Hampton Inn & Suites by Hilton Edmonton St. Albert,"Edmonton, AB",
Hampton Inn & Suites by Hilton Grande Prairie,"Grande Prairie, AB",C$119
Tru by Hilton Edmonton Windermere,"Edmonton, AB",C$78
DoubleTree by Hilton Edmonton Downtown,"Edmonton, AB",C$95
Home2 Suites by Hilton Edmonton South,"Edmonton, AB",C$95
"Hampton Inn by Hilton Edmonton/South, Alberta, Canada","Edmonton, AB",C$85
Hampton Inn by Hilton Fort Saskatchewan,"Fort Saskatchewan, AB",C$91
Hampton Inn & Suites by Hilton Airdrie,"Airdrie, AB",C$91
Hampton Inn by Hilton Calgary Airport North,"Calgary, AB",C$91
"Homewood Suites by Hilton® Calgary-Airport, Alberta, Canada","Calgary, AB",C$100
Hampton Inn & Suites By Hilton Calgary- University Northwest,"Calgary, AB",C$109
Hilton Garden Inn Calgary Airport,"Calgary, AB",C$95
Hampton Inn & Suites by Hilton Calgary-Airport,"Calgary, AB",C$96
DoubleTree by Hilton Calgary North,"Calgary, AB",
Homewood Suites by Hilton Calgary Downtown,"Calgary, AB",C$123
Hilton Garden Inn Calgary Downtown,"Calgary, AB",C$119
Name,Location,Price per Night
Hilton Whistler Resort & Spa,"Whistler, BC",C$257
Home2 Suites by Hilton Fort St. John,"Fort St. John, BC",C$122
Hampton Inn & Suites by Hilton Vancouver-Downtown,"Vancouver, BC",C$184
Hampton Inn by Hilton Vancouver-Airport/Richmond,"Richmond, BC",C$136
Hilton Vancouver Metrotown,"Burnaby, BC",C$154
Hilton Vancouver Airport,"Richmond, BC",C$222
Hampton Inn by Hilton Kamloops,"Kamloops, BC",C$87
DoubleTree by Hilton Hotel Kamloops,"Kamloops, BC",C$105
Hampton Inn & Suites by Hilton Langley-Surrey,"Surrey, BC",C$132
Hampton Inn by Hilton Chilliwack,"Chilliwack, BC",C$100
DoubleTree by Hilton Hotel & Suites Victoria,"Victoria, BC",C$145
Hampton Inn & Suites by Hilton Kelowna Airport,"Kelowna, BC",C$144
Name,Location,Price per Night
Hilton Winnipeg Airport Suites,"Winnipeg, MB",C$122
Hampton Inn by Hilton Winnipeg Airport/Polo Park,"Winnipeg, MB",C$115
"Homewood Suites by Hilton® Winnipeg Airport-Polo Park, MB","Winnipeg, MB",C$102
Hilton Garden Inn Winnipeg South,"Winnipeg, MB",C$115
Name,Location,Price per Night
Hilton Garden Inn Fredericton,"Fredericton, NB",C$122
Hampton Inn & Suites by Hilton Fredericton,"Fredericton, NB",C$136
Hampton Inn & Suites by Hilton Moncton,"Moncton, NB",C$125
"Canvas Moncton, Tapestry Collection by Hilton","Moncton, NB",C$107
Hampton Inn & Suites by Hilton Saint John,"Saint John, NB",C$111
Hilton Saint John,"Saint John, NB",C$120
Name,Location,Price per Night
DoubleTree by Hilton Halifax Dartmouth,"Dartmouth, NS",C$116
Hampton Inn by Hilton Halifax Downtown,"Halifax, NS",C$115
"Homewood Suites by Hilton® Halifax-Downtown, Nova Scotia, Canada","Halifax, NS",C$116
The Hollis Halifax - a DoubleTree Suites by Hilton Hotel,"Halifax, NS",C$130
Hampton Inn & Suites by Hilton Halifax - Dartmouth,"Dartmouth, NS",C$127
Hilton Garden Inn Halifax Airport,"Enfield, NS",C$165
Hampton Inn & Suites by Hilton Truro,"Millbrook, NS",C$97
Hampton Inn by Hilton Sydney,"Membertou, NS",C$121
Name,Location,Price per Night
"Hampton Inn by Hilton Elliot Lake, Ontario, Canada","Elliot Lake, ON",C$133
Hampton Inn & Suites by Hilton Barrie,"Barrie, ON",C$112
Hampton Inn & Suites by Hilton Bolton,"Bolton, ON",C$125
Hampton Inn by Hilton Brampton Toronto,"Brampton, ON",C$102
Hampton Inn & Suites by Hilton Guelph,"Guelph, ON",C$149
Hilton Garden Inn Toronto/Brampton,"Brampton, ON",C$122
Home2 Suites by Hilton Toronto Brampton,"Brampton, ON",C$115
Hilton Garden Inn Toronto Brampton West,"Brampton, ON",C$109
DoubleTree by Hilton Kitchener,"Kitchener, ON",C$96
Hilton Garden Inn Toronto/Ajax,"Ajax, ON",C$131
"Homewood Suites by Hilton® Ajax, Ontario, Canada","Ajax, ON",C$140
Hilton Garden Inn Kitchener/Cambridge,"Cambridge, ON",C$113
"Homewood Suites by Hilton Cambridge-Waterloo, Ontario","Cambridge, ON",C$149
Homewood Suites by Hilton Ottawa Kanata,"Kanata, ON",C$157
Homewood Suites by Hilton Burlington,"Burlington, ON",C$140
Hilton Garden Inn Toronto/Burlington,"Burlington, ON",C$119
Hampton Inn & Suites by Hilton Brantford Conference Centre ON,"Brantford, ON",C$94
Home2 Suites by Hilton Brantford,"Brantford, ON",C$102
"Homewood Suites by Hilton Hamilton, Ontario, Canada","Hamilton, ON",C$140
Hampton Inn & Suites by Hilton Belleville,"Belleville, ON",
Name,Location,Price per Night
Hampton Inn & Suites Charlottetown,"Charlottetown, PE",C$120
Name,Location,Price per Night
DoubleTree by Hilton Quebec Resort,"Quebec City, QC",C$130
Hampton Inn & Suites by Hilton Beauport Quebec,"Beauport, QC",C$100
Hilton Quebec,"Quebec City, QC",
Hampton Inn & Suites by Hilton Quebec City /Saint-Romuald,"Lévis, QC",C$96
Homewood Suites by Hilton Mont-Tremblant Resort,"Mt. Tremblant, QC",C$207
Hilton Montreal/Laval,"Laval, QC",C$154
Hampton Inn & Suites by Hilton Laval,"Laval, QC",C$119
Hilton Garden Inn Montreal Centre-Ville,"Montreal, QC",C$124
DoubleTree by Hilton Montreal,"Montreal, QC",C$166
Embassy Suites by Hilton Montreal,"Montreal, QC",C$150
Home2 Suites by Hilton Montreal Dorval,"Dorval, QC",C$130
Hampton Inn & Suites by Hilton Montreal-Dorval,"Dorval, QC",C$136
Hilton Garden Inn Montreal Airport,"Montreal, QC",C$128
Embassy Suites by Hilton Montreal Airport,"Pointe-Claire, QC",C$135
DoubleTree by Hilton Montreal Airport,"Dorval, QC",C$115
Hilton Lac-Leamy,"Gatineau-Ottawa, QC",C$300
DoubleTree by Hilton Hotel Gatineau - Ottawa,"Gatineau, QC",C$134
Name,Location,Price per Night
Hampton Inn & Suites by Hilton Saskatoon Airport,"Saskatoon, SK",C$113
Hilton Garden Inn Saskatoon Downtown,"Saskatoon, SK",C$112
Hampton Inn Saskatoon South,"Saskatoon, SK",C$104
DoubleTree by Hilton Hotel & Conference Centre Regina,"Regina, SK",C$102
Hampton Inn & Suites by Hilton Regina East Gate,"Regina, SK",C$113
Name,Location,Price per Night
Hilton Garden Inn Aguascalientes,2.92 miles,"Mex$1,249"
Hampton Inn & Suites by Hilton Aguascalientes,10.83 miles,Mex$915
Name,Location,Price per Night
Hampton Inn by Hilton Cancun Cumbres,3.53 miles,$58
Canopy by Hilton Cancun La Isla,6.71 miles,$157
"Hilton Playa del Carmen, an All-Inclusive Adult Only Resort",39.35 miles,$374
"The Fives Downtown Hotel & Residences, Curio Collection by Hilton",39.88 miles,$124
Name,Location,Price per Night
DoubleTree by Hilton Celaya,1.35 miles,Mex$881
Hampton Inn by Hilton Celaya,2.2 miles,Mex$705
Hilton Garden Inn Queretaro,25.83 miles,$62
Homewood Suites by Hilton Queretaro,26.65 miles,"Mex$1,184"
Hampton Inn by Hilton Queretaro Tecnologico,26.66 miles,$71
Hilton Garden Inn Salamanca,27.27 miles,Mex$714
Hampton Inn & Suites by Hilton Salamanca Bajio,28.37 miles,Mex$748
DoubleTree by Hilton Hotel Queretaro,28.57 miles,"Mex$1,144"
Hampton Inn by Hilton Irapuato,37.43 miles,Mex$710
Name,Location,Price per Night
Hampton Inn by Hilton Chihuahua City,2.18 miles,$57
Hilton Garden Inn Chihuahua,2.35 miles,$74
Name,Location,Price per Night
Hampton Inn by Hilton Monterrey Apodaca,0.79 miles,$83
Homewood Suites by Hilton Monterrey Apodaca,0.79 miles,$82
Hampton Inn by Hilton Monterrey-Airport,2.73 miles,$65
Hilton Garden Inn Monterrey Airport,4.53 miles,$74
Hilton Garden Inn Monterrey Obispado,12.33 miles,
Hampton Inn by Hilton Monterrey/Galerías-Obispado,12.33 miles,$77
Name,Location,Price per Night
Hampton Inn by Hilton Ciudad del Carmen Campeche,1.5 miles,Mex$930
Name,Location,Price per Night
Hampton Inn & Suites El Paso/East,1272.99 miles,$102
Hampton Inn by Hilton Ciudad Juárez,1277.86 miles,$77
Hilton Garden Inn El Paso Airport,1279.7 miles,$89
Homewood Suites by Hilton El Paso Airport,1279.7 miles,$121
Hampton Inn & Suites El Paso-Airport,1279.8 miles,$94
Embassy Suites by Hilton El Paso,1280.34 miles,$93
DoubleTree by Hilton Hotel El Paso Downtown,1282.61 miles,$102
Hilton Garden Inn El Paso / University,1283.61 miles,$83
Name,Location,Price per Night
Hampton Inn by Hilton Ciudad Victoria,1.48 miles,$45
Name,Location,Price per Night
Hilton Guadalajara Midtown,3.29 miles,$90
Hilton Guadalajara,3.75 miles,$61
"Hotel 1970 Posada Guadalajara, Curio Collection by Hilton",4.1 miles,$75
Hampton Inn by Hilton Guadalajara/Expo,4.15 miles,$57
Hampton Inn by Hilton Guadalajara-Aeropuerto,6.41 miles,$63
Name,Location,Price per Night
Hampton Inn by Hilton Hermosillo,0.37 miles,$72
Name,Location,Price per Night
Hampton Inn by Hilton Irapuato,0.84 miles,Mex$710
Hampton Inn & Suites by Hilton Salamanca Bajio,9.03 miles,Mex$748
Hilton Garden Inn Salamanca,10.29 miles,Mex$714
Hampton Inn by Hilton Silao-Aeropuerto Bajio,20.52 miles,Mex$727
Homewood Suites By Hilton Silao Airport,22.96 miles,Mex$793
Hampton Inn by Hilton Leon Guanajuato,36.22 miles,"Mex$1,057"
DoubleTree by Hilton Celaya,37.97 miles,Mex$881
Hampton Inn by Hilton Celaya,38.81 miles,Mex$705
Name,Location,Price per Night
Hampton Inn by Hilton Leon Guanajuato,1.72 miles,"Mex$1,057"
Homewood Suites By Hilton Silao Airport,15.9 miles,Mex$793
Hampton Inn by Hilton Silao-Aeropuerto Bajio,18.95 miles,Mex$727
Hampton Inn by Hilton Irapuato,37.11 miles,Mex$710
Hampton Inn & Suites by Hilton Salamanca Bajio,46.2 miles,Mex$748
Hilton Garden Inn Salamanca,47.42 miles,Mex$714
Name,Location,Price per Night
Hilton Garden Inn Merida,3.2 miles,"Mex$1,057"
Hampton Inn by Hilton Merida,5.33 miles,"Mex$1,011"
Name,Location,Price per Night
Hampton Inn & Suites Mexico City - Centro Historico,0.16 miles,$79
"Umbral, Curio Collection by Hilton",0.18 miles,$116
Hilton Mexico City Reforma,0.87 miles,$123
Hilton México City Airport,3.73 miles,$148
Hilton Mexico City Santa Fe,9.4 miles,$93
Hilton Garden Inn Mexico City Santa Fe,9.62 miles,$57
DoubleTree by Hilton Hotel México City Santa Fe,9.62 miles,$74
DoubleTree by Hilton Toluca,33.39 miles,$47
Name,Location,Price per Night
Hilton Garden Inn Monterrey Obispado,1.9 miles,
Hampton Inn by Hilton Monterrey/Galerías-Obispado,2.29 miles,$77
Hampton Inn by Hilton Monterrey Apodaca,10.46 miles,$83
Homewood Suites by Hilton Monterrey Apodaca,10.46 miles,$82
Hampton Inn by Hilton Monterrey-Airport,13.66 miles,$65
Hilton Garden Inn Monterrey Airport,14.73 miles,$74
Name,Location,Price per Night
Hampton Inn & Suites by Hilton Paraiso,3.01 miles,$69
Hampton Inn by Hilton Villahermosa,32.84 miles,"Mex$1,047"
Name,Location,Price per Night
Hampton Inn by Hilton Piedras Negras,1.14 miles,"Mex$1,102"
Hampton Inn Eagle Pass,4.93 miles,$96
Name,Location,Price per Night
"Hilton Playa del Carmen, an All-Inclusive Adult Only Resort",0.34 miles,$374
"The Fives Downtown Hotel & Residences, Curio Collection by Hilton",0.4 miles,$124
Hampton Inn by Hilton Cancun Cumbres,36.59 miles,$58
Canopy by Hilton Cancun La Isla,38.96 miles,$157
Name,Location,Price per Night
Hilton Puerto Vallarta Resort,2.66 miles,$286
Conrad Punta de Mita,22.04 miles,
Name,Location,Price per Night
DoubleTree by Hilton Hotel Queretaro,1.35 miles,"Mex$1,144"
Hilton Garden Inn Queretaro,1.9 miles,$62
Hampton Inn by Hilton Queretaro Tecnologico,2.28 miles,$71
Homewood Suites by Hilton Queretaro,7.63 miles,"Mex$1,184"
Hampton Inn by Hilton Celaya,25.47 miles,Mex$705
DoubleTree by Hilton Celaya,26.51 miles,Mex$881
Hampton Inn by Hilton San Juan del Rio,29.33 miles,"Mex$1,231"
Name,Location,Price per Night
Hampton Inn by Hilton Reynosa/Zona Industrial,5.16 miles,$79
Homewood Suites by Hilton McAllen,8.02 miles,$82
Hampton Inn & Suites Mission,8.29 miles,$78
DoubleTree Suites by Hilton Hotel McAllen,8.31 miles,$89
Hilton Garden Inn McAllen Airport,8.4 miles,$78
Embassy Suites by Hilton McAllen Convention Center,8.46 miles,$97
Hampton Inn & Suites McAllen,8.58 miles,$78
Home2 Suites by Hilton McAllen,8.63 miles,$80
Hampton Inn & Suites Pharr,12.58 miles,$83
Tru by Hilton Edinburg,14.58 miles,$78
Home2 Suites by Hilton Edinburg,14.61 miles,
Name,Location,Price per Night
Hilton Garden Inn Salamanca,2.31 miles,Mex$714
Hampton Inn & Suites by Hilton Salamanca Bajio,3.55 miles,Mex$748
Hampton Inn by Hilton Irapuato,13.22 miles,Mex$710
DoubleTree by Hilton Celaya,26.34 miles,Mex$881
Hampton Inn by Hilton Celaya,27.27 miles,Mex$705
Hampton Inn by Hilton Silao-Aeropuerto Bajio,31.43 miles,Mex$727
Homewood Suites By Hilton Silao Airport,34.22 miles,Mex$793
Name,Location,Price per Night
Hampton Inn by Hilton Saltillo Airport Area,3.21 miles,$54
DoubleTree Suites by Hilton Hotel Saltillo,3.98 miles,$82
Name,Location,Price per Night
Hampton Inn & Suites by Hilton Puebla,3.42 miles,Mex$783
"MM Grand Hotel Puebla, Tapestry Collection by Hilton",3.74 miles,$43
Hilton Garden Inn Puebla Angelópolis,4.13 miles,"Mex$1,136"
Name,Location,Price per Night
Hampton Inn by Hilton San Juan del Rio,0.6 miles,"Mex$1,231"
DoubleTree by Hilton Hotel Queretaro,28.06 miles,"Mex$1,144"
Hilton Garden Inn Queretaro,30.44 miles,$62
Hampton Inn by Hilton Queretaro Tecnologico,31.42 miles,$71
Homewood Suites by Hilton Queretaro,35.63 miles,"Mex$1,184"
Name,Location,Price per Night
Hampton Inn by Hilton San Luis Potosi,1.58 miles,$60
Conrad San Luis Potosi,3.12 miles,$104
Hilton San Luis Potosi,3.12 miles,$82
Name,Location,Price per Night
Hampton Inn by Hilton Silao-Aeropuerto Bajio,1.54 miles,Mex$727
Homewood Suites By Hilton Silao Airport,4.59 miles,Mex$793
Hampton Inn by Hilton Leon Guanajuato,18.86 miles,"Mex$1,057"
Hampton Inn by Hilton Irapuato,19.36 miles,Mex$710
Hampton Inn & Suites by Hilton Salamanca Bajio,27.12 miles,Mex$748
Hilton Garden Inn Salamanca,28.26 miles,Mex$714
Name,Location,Price per Night
Hampton Inn by Hilton Tampico Zona Dorada,1.49 miles,"Mex$1,164"
Hampton Inn by Hilton Tampico Aeropuerto,4.96 miles,$79
Name,Location,Price per Night
Hampton Inn by Hilton Tijuana,4.81 miles,$89
Hampton Inn & Suites Imperial Beach San Diego,6.59 miles,
Homewood Suites by Hilton Chula Vista Eastlake,10.52 miles,$157
Hampton Inn Chula Vista Eastlake,10.58 miles,$111
"Beach Village at The Del, Curio Collection by Hilton",14.04 miles,$696
"Hotel del Coronado, Curio Collection by Hilton",14.04 miles,$281
Hilton San Diego Bayfront,14.86 miles,$162
Hilton San Diego Gaslamp Quarter,15.11 miles,$172
Embassy Suites by Hilton San Diego Bay Downtown,15.64 miles,$196
"Carte Hotel San Diego Downtown, Curio Collection by Hilton",16 miles,$168
DoubleTree by Hilton Hotel San Diego Downtown,16.13 miles,$134
Hampton Inn San Diego-Downtown,16.2 miles,$149
Hilton Garden Inn San Diego Downtown/Bayside,16.52 miles,$158
Homewood Suites by Hilton San Diego Downtown/Bayside,16.55 miles,$181
Hilton San Diego Airport/Harbor Island,17.57 miles,$157
Hampton Inn & Suites San Diego Airport Liberty Station,17.93 miles,$154
Homewood Suites by Hilton San Diego Airport-Liberty Station,18.11 miles,$157
Hampton Inn San Diego/Mission Valley,18.77 miles,$122
Hilton Garden Inn San Diego Old Town/SeaWorld Area,19.22 miles,$140
Name,Location,Price per Night
Hampton Inn by Hilton Torreón-Airport Galerías,3.29 miles,$54
Name,Location,Price per Night
Hilton Garden Inn Tuxtla Gutierrez,2.98 miles,Mex$837
Name,Location,Price per Night
DoubleTree by Hilton Hotel Veracruz,1.51 miles,"Mex$1,128"
Hilton Garden Inn Boca del Rio Veracruz,2.52 miles,"Mex$1,137"
Name,Location,Price per Night
Hampton Inn by Hilton Villahermosa,2.49 miles,"Mex$1,047"
Hampton Inn & Suites by Hilton Paraiso,34.26 miles,$69
Name,Location,Price per Night
Hilton Garden Inn Neuquen,"Neuquen, Argentina",$108
Hilton Pilar,"Pilar, Argentina",$129
"Anselmo Buenos Aires, Curio Collection by Hilton","Buenos Aires, Argentina",$114
Hilton Buenos Aires,"Buenos Aires, Argentina",$163
Hampton by Hilton Bariloche,"Bariloche, Argentina",$88
Hilton Garden Inn Tucuman,"San Miguel de Tucuman, Argentina","$4,537 AR"
Name,Location,Price per Night
"Hampton by Hilton Santa Cruz/Equipetrol, Bolivia","Santa Cruz de la Sier, Bolivia",$82
Name,Location,Price per Night
Hilton Garden Inn Goiania,"Goiania, Brazil",R$188
Hilton Garden Inn Belo Horizonte,"Belo Horizonte, Brazil",R$241
Hampton by Hilton Guarulhos Airport,"Guarulhos, Brazil",R$254
Hotel Itaim Sao Paulo by Atlantica,"Sao Paulo, Brazil",R$281
Canopy by Hilton Sao Paulo Jardins,"Sao Paulo, Brazil",
Hilton Sao Paulo Morumbi,"Sao Paulo, Brazil",R$566
Hilton Garden Inn Santo Andre,"Santo Andre, Brazil",R$158
Hilton Barra Rio de Janeiro,"Rio de Janeiro, Brazil",R$447
Hilton Rio de Janeiro Copacabana,"Rio de Janeiro, Brazil",R$732
Hilton Garden Inn Itajaí,"Itajaí, Brazil",R$289
Name,Location,Price per Night
Hilton Garden Inn Santiago Airport,"Santiago, Chile",$93
DoubleTree by Hilton Hotel Santiago - Vitacura,"Santiago, Chile",$83
Hampton by Hilton Antofagasta,"Antofagasta, Chile",$53
Hilton Garden Inn Iquique,"Iquique, Chile",$91
Name,Location,Price per Night
DoubleTree by Hilton Bogota Salitre AR,"Bogota, Colombia",$72
Hilton Garden Inn Bogota Airport,"Bogota, Colombia",$54
Hampton by Hilton Bogota Airport,"Bogota, Colombia","COP$157,437"
Hilton Bogota Corferias,"Bogota, Colombia",$95
Embassy Suites by Hilton Bogotá Rosales,"Bogota, Colombia",$79
Hilton Bogota,"Bogota, Colombia",$135
DoubleTree by Hilton Hotel Bogotá - Calle 100,"Bogota, Colombia",$70
DoubleTree by Hilton Hotel Bogotá - Parque 93,"Bogota, Colombia",$79
Hampton by Hilton Bogotá - Usaquén,"Bogota, Colombia","COP$179,418"
Hampton by Hilton Medellin,"Medellin, Colombia","COP$179,418"
"Hampton by Hilton Cali, Colombia","Cali, Colombia","COP$154,128"
Hampton by Hilton Bucaramanga,"Bucaramanga, Colombia","COP$157,878"
Hampton by Hilton Cucuta,"Cucuta, Colombia","COP$141,120"
"Atolón Hotel Cartagena Tierra Bomba, Curio Collection by Hilton","Cartagena, Colombia",
Hilton Cartagena Hotel,"Cartagena, Colombia",$134
Hampton by Hilton Cartagena,"Cartagena, Colombia","COP$240,610"
Conrad Cartagena,"Cartagena, Colombia",$158
Hampton by Hilton Barranquilla,"Barranquilla, Colombia","COP$152,370"
Hilton Garden Inn Barranquilla,"Barranquilla, Colombia","COP$245,328"
Hilton Garden Inn Santa Marta,"Santa Marta, Colombia","COP$202,664"
Name,Location,Price per Night
Hilton Colon Quito,"Quito, Ecuador",$106
Hilton Colon Guayaquil,"Guayaquil, Ecuador",$100
Name,Location,Price per Night
Hilton Garden Inn Lima Surco,"Lima, Peru",$79
Hampton by Hilton Lima San Isidro,"Lima, Peru",$71
"Hotel El Pardo Lima, Tapestry Collection by Hilton","Lima, Peru",
El Pardo DoubleTree by Hilton Hotel,"Lima, Peru",$104
Hilton Garden Inn Lima Miraflores,"Lima, Peru",
Hilton Lima Miraflores,"Lima, Peru",$168
DoubleTree Resort by Hilton Hotel Paracas - Peru,"Paracas, Peru",$157
Hilton Garden Inn Cusco,"Cusco, Peru",$86
DoubleTree by Hilton Hotel Iquitos,"Iquitos, Peru",$84
Name,Location,Price per Night
Hampton by Hilton Montevideo Carrasco,"Canelones, Uruguay",$78
Hilton Garden Inn Montevideo,"Montevideo, Uruguay",$97
"SORO Montevideo, Curio Collection by Hilton","Montevideo, Uruguay",$108
Name,Location,Price per Night
